state,year,unemployment_rate_pct,population_thousands
AL,1982,13.8,3925.266
AL,1983,13.867,3934.102
AL,1984,11.383,3951.82
AL,1985,9.575,3972.523
AL,1986,9.533,3991.569
AL,1987,8.2,4015.264
AL,1988,7.267,4023.844
AL,1989,6.983,4030.222
AL,1990,6.825,4048.508
AL,1991,7.267,4091.025
AL,1992,7.533,4139.269
AL,1993,7.25,4193.114
AL,1994,6.167,4232.965
AL,1995,5.85,4262.731
AL,1996,5.192,4290.403
AL,1997,4.95,4320.281
AL,1998,4.458,4351.037
AL,1999,4.733,4369.862
AL,2000,4.642,4452.173
AL,2001,5.15,4467.634
AL,2002,5.892,4480.089
AL,2003,5.95,4503.491
AL,2004,5.575,4530.729
AL,2005,4.458,4569.805
AL,2006,4.008,4628.981
AL,2007,4.067,4672.84
AL,2008,5.917,4718.206
AL,2009,9.733,4757.938
AL,2010,10.375,4785.514
AL,2011,9.558,4799.642
AL,2012,8.175,4816.632
AL,2013,7.358,4831.586
AL,2014,6.767,4843.737
AL,2015,6.083,4854.803
AL,2016,5.8,4866.824
AL,2017,4.508,4877.989
AL,2018,3.925,4891.628
AL,2019,3.192,4907.965
AL,2020,6.408,5032.962
AL,2021,3.392,5050.058
AL,2022,2.542,5076.868
AL,2023,2.475,5117.85
AL,2024,2.983,5163.055
AK,1982,10.017,449.606
AK,1983,10.125,488.417
AK,1984,9.9,513.702
AK,1985,9.8,532.495
AK,1986,11.025,544.268
AK,1987,10.15,539.309
AK,1988,8.783,541.983
AK,1989,7.133,547.159
AK,1990,7.25,553.12
AK,1991,8.308,569.273
AK,1992,8.85,587.073
AK,1993,7.817,596.993
AK,1994,7.55,600.624
AK,1995,7.317,601.345
AK,1996,7.458,604.918
AK,1997,6.983,608.846
AK,1998,6.317,615.205
AK,1999,6.35,619.5
AK,2000,6.292,627.963
AK,2001,6.283,633.714
AK,2002,7.167,642.337
AK,2003,7.675,648.414
AK,2004,7.417,659.286
AK,2005,6.925,666.946
AK,2006,6.617,675.302
AK,2007,6.25,680.3
AK,2008,6.508,687.455
AK,2009,7.833,698.895
AK,2010,7.992,713.982
AK,2011,7.608,722.349
AK,2012,7.133,730.81
AK,2013,6.925,737.626
AK,2014,6.742,737.075
AK,2015,6.283,738.43
AK,2016,6.625,742.575
AK,2017,6.608,740.983
AK,2018,6.092,736.624
AK,2019,5.6,733.603
AK,2020,8.283,732.906
AK,2021,6.408,734.59
AK,2022,4.367,733.659
AK,2023,4.25,734.654
AK,2024,4.542,736.537
AZ,1982,9.942,2889.861
AZ,1983,9.1,2968.925
AZ,1984,4.958,3067.135
AZ,1985,6.325,3183.538
AZ,1986,7.042,3308.262
AZ,1987,6.492,3437.103
AZ,1988,6.425,3535.183
AZ,1989,5.275,3622.185
AZ,1990,5.225,3679.056
AZ,1991,5.858,3762.394
AZ,1992,7.575,3867.333
AZ,1993,6.333,3993.39
AZ,1994,6.2,4147.561
AZ,1995,5.342,4306.908
AZ,1996,5.483,4432.308
AZ,1997,4.617,4552.207
AZ,1998,4.25,4667.277
AZ,1999,4.467,4778.332
AZ,2000,3.983,5160.586
AZ,2001,4.725,5273.477
AZ,2002,6.158,5396.255
AZ,2003,5.783,5510.364
AZ,2004,4.958,5652.404
AZ,2005,4.642,5839.077
AZ,2006,4.267,6029.141
AZ,2007,3.7,6167.681
AZ,2008,5.767,6280.362
AZ,2009,9.717,6343.154
AZ,2010,10.358,6407.342
AZ,2011,9.5,6473.416
AZ,2012,8.392,6556.344
AZ,2013,7.842,6634.69
AZ,2014,6.817,6732.873
AZ,2015,6.108,6832.81
AZ,2016,5.5,6944.767
AZ,2017,4.958,7048.088
AZ,2018,4.808,7164.228
AZ,2019,4.817,7291.843
AZ,2020,7.825,7186.647
AZ,2021,5.033,7274.022
AZ,2022,3.725,7370.065
AZ,2023,3.692,7452.073
AZ,2024,3.7,7556.424
AR,1982,9.483,2294.257
AR,1983,9.717,2305.761
AR,1984,8.525,2319.768
AR,1985,8.467,2327.046
AR,1986,8.542,2331.984
AR,1987,8.117,2342.355
AR,1988,7.667,2342.656
AR,1989,7.025,2346.358
AR,1990,6.875,2354.343
AR,1991,7.308,2370.666
AR,1992,6.992,2394.098
AR,1993,6.125,2423.743
AR,1994,5.458,2450.605
AR,1995,4.867,2480.121
AR,1996,5.167,2504.858
AR,1997,5.108,2524.007
AR,1998,5.042,2538.202
AR,1999,4.517,2551.373
AR,2000,4.167,2678.588
AR,2001,4.742,2691.571
AR,2002,5.333,2705.927
AR,2003,5.758,2724.816
AR,2004,5.567,2749.686
AR,2005,5.267,2781.097
AR,2006,5.233,2821.761
AR,2007,5.383,2848.65
AR,2008,5.417,2874.554
AR,2009,7.708,2896.843
AR,2010,7.833,2921.998
AR,2011,7.883,2941.038
AR,2012,7.258,2952.876
AR,2013,7.042,2960.459
AR,2014,5.875,2968.759
AR,2015,4.95,2979.732
AR,2016,3.975,2991.815
AR,2017,3.742,3003.855
AR,2018,3.65,3012.161
AR,2019,3.492,3020.985
AR,2020,6.158,3014.399
AR,2021,4.042,3027.127
AR,2022,3.175,3047.429
AR,2023,3.158,3069.856
AR,2024,3.492,3096.08
CA,1982,10.067,24820.009
CA,1983,9.833,25360.026
CA,1984,7.758,25844.393
CA,1985,7.183,26441.109
CA,1986,6.767,27102.237
CA,1987,5.833,27777.158
CA,1988,5.275,28464.249
CA,1989,5.108,29218.164
CA,1990,5.783,29950.111
CA,1991,7.817,30414.114
CA,1992,9.367,30875.92
CA,1993,9.55,31147.208
CA,1994,8.658,31317.179
CA,1995,7.9,31493.525
CA,1996,7.342,31780.829
CA,1997,6.4,32217.708
CA,1998,5.967,32682.794
CA,1999,5.283,33145.121
CA,2000,4.925,33987.977
CA,2001,5.458,34479.458
CA,2002,6.733,34871.843
CA,2003,6.9,35253.159
CA,2004,6.225,35574.576
CA,2005,5.392,35827.943
CA,2006,4.892,36021.202
CA,2007,5.317,36250.311
CA,2008,7.283,36604.337
CA,2009,11.45,36961.229
CA,2010,12.317,37319.55
CA,2011,11.733,37636.311
CA,2012,10.392,37944.551
CA,2013,9.025,38253.768
CA,2014,7.567,38586.706
CA,2015,6.217,38904.296
CA,2016,5.517,39149.186
CA,2017,4.833,39337.785
CA,2018,4.258,39437.463
CA,2019,4.092,39437.61
CA,2020,10.167,39527.808
CA,2021,7.35,39152.927
CA,2022,4.283,39125.347
CA,2023,4.717,39181.667
CA,2024,5.292,39364.774
CO,1982,7.633,3061.564
CO,1983,7.117,3133.63
CO,1984,5.492,3169.992
CO,1985,5.983,3208.723
CO,1986,7.517,3237.45
CO,1987,7.525,3260.48
CO,1988,6.417,3262.281
CO,1989,5.575,3275.818
CO,1990,5.125,3303.862
CO,1991,5.275,3367.567
CO,1992,6.125,3459.995
CO,1993,5.383,3560.884
CO,1994,4.142,3653.91
CO,1995,4.008,3738.061
CO,1996,4.167,3812.716
CO,1997,3.358,3891.293
CO,1998,3.633,3968.967
CO,1999,3.008,4056.133
CO,2000,2.725,4326.921
CO,2001,3.817,4425.687
CO,2002,5.717,4490.406
CO,2003,6.117,4528.732
CO,2004,5.567,4575.013
CO,2005,5.083,4631.888
CO,2006,4.25,4720.423
CO,2007,3.683,4803.868
CO,2008,4.842,4889.73
CO,2009,7.95,4972.195
CO,2010,9.142,5047.539
CO,2011,8.692,5121.9
CO,2012,7.992,5193.66
CO,2013,6.725,5270.774
CO,2014,4.95,5352.637
CO,2015,3.7,5454.328
CO,2016,3.117,5543.844
CO,2017,2.617,5617.421
CO,2018,3.025,5697.155
CO,2019,2.667,5758.486
CO,2020,6.792,5786.873
CO,2021,5.508,5814.368
CO,2022,3.067,5853.355
CO,2023,3.283,5912.24
CO,2024,4.125,5988.502
CT,1982,6.833,3139.013
CT,1983,5.975,3162.354
CT,1984,4.65,3180.014
CT,1985,4.45,3201.131
CT,1986,3.733,3223.74
CT,1987,3.167,3247.291
CT,1988,2.908,3271.953
CT,1989,3.633,3283.403
CT,1990,4.917,3289.056
CT,1991,6.492,3288.64
CT,1992,7.3,3274.997
CT,1993,6.483,3272.325
CT,1994,5.567,3268.346
CT,1995,5.3,3265.293
CT,1996,5.225,3267.03
CT,1997,4.683,3268.514
CT,1998,3.225,3272.563
CT,1999,2.5,3282.031
CT,2000,2.158,3411.777
CT,2001,2.933,3432.835
CT,2002,4.35,3458.749
CT,2003,5.458,3484.336
CT,2004,5.05,3496.094
CT,2005,4.858,3506.956
CT,2006,4.425,3517.46
CT,2007,4.533,3527.27
CT,2008,5.642,3545.579
CT,2009,8.258,3561.807
CT,2010,9.492,3579.173
CT,2011,9.008,3588.632
CT,2012,8.383,3595.211
CT,2013,7.95,3595.792
CT,2014,6.617,3595.697
CT,2015,5.608,3588.561
CT,2016,4.875,3579.83
CT,2017,4.408,3575.324
CT,2018,3.9,3574.561
CT,2019,3.583,3566.022
CT,2020,8.008,3579.643
CT,2021,6.442,3607.765
CT,2022,4.0,3618.707
CT,2023,3.2,3641.369
CT,2024,3.308,3674.449
DE,1982,8.433,599.148
DE,1983,7.725,605.458
DE,1984,6.1,611.565
DE,1985,5.067,618.28
DE,1986,4.325,627.559
DE,1987,3.042,636.947
DE,1988,3.008,647.622
DE,1989,3.275,658.273
DE,1990,4.358,669.063
DE,1991,5.975,680.495
DE,1992,5.458,690.158
DE,1993,4.983,699.475
DE,1994,4.758,708.416
DE,1995,4.392,718.265
DE,1996,5.217,727.09
DE,1997,4.058,735.024
DE,1998,3.483,744.066
DE,1999,3.242,753.538
DE,2000,3.458,786.373
DE,2001,3.483,795.699
DE,2002,4.083,806.169
DE,2003,4.25,818.003
DE,2004,4.008,830.803
DE,2005,4.125,845.15
DE,2006,3.583,859.268
DE,2007,3.4,871.749
DE,2008,4.867,883.874
DE,2009,8.158,891.73
DE,2010,8.3,899.647
DE,2011,7.433,907.59
DE,2012,6.958,915.518
DE,2013,6.533,924.062
DE,2014,5.617,933.131
DE,2015,4.808,942.065
DE,2016,4.533,949.989
DE,2017,4.4,957.942
DE,2018,3.692,966.985
DE,2019,3.55,976.668
DE,2020,7.525,991.89
DE,2021,5.483,1005.13
DE,2022,4.208,1020.279
DE,2023,3.892,1035.354
DE,2024,3.917,1050.123
DC,1982,10.35,634.174
DC,1983,10.842,632.433
DC,1984,8.858,633.382
DC,1985,7.983,634.549
DC,1986,7.333,638.269
DC,1987,6.208,636.93
DC,1988,5.0,630.432
DC,1989,4.8,624.168
DC,1990,6.025,603.814
DC,1991,7.675,593.239
DC,1992,8.567,584.183
DC,1993,8.383,576.358
DC,1994,7.942,564.982
DC,1995,8.567,551.273
DC,1996,8.458,538.273
DC,1997,8.158,528.752
DC,1998,8.242,521.426
DC,1999,6.55,519.0
DC,2000,5.667,572.046
DC,2001,6.308,574.504
DC,2002,6.608,573.158
DC,2003,6.833,568.502
DC,2004,7.5,567.754
DC,2005,6.467,567.136
DC,2006,5.833,570.681
DC,2007,5.542,574.404
DC,2008,6.508,580.236
DC,2009,9.542,592.228
DC,2010,9.775,605.282
DC,2011,10.083,620.29
DC,2012,8.958,635.737
DC,2013,8.417,651.559
DC,2014,7.717,663.603
DC,2015,6.883,677.014
DC,2016,6.233,687.576
DC,2017,6.108,697.079
DC,2018,5.717,704.147
DC,2019,5.517,708.253
DC,2020,7.967,670.958
DC,2021,6.85,669.637
DC,2022,4.7,674.501
DC,2023,4.858,682.559
DC,2024,5.308,691.31
FL,1982,8.542,10471.407
FL,1983,8.625,10749.851
FL,1984,6.592,11039.925
FL,1985,6.092,11351.118
FL,1986,5.858,11667.505
FL,1987,5.4,11997.283
FL,1988,5.192,12306.395
FL,1989,5.608,12637.715
FL,1990,6.183,13018.365
FL,1991,7.675,13289.497
FL,1992,8.408,13504.775
FL,1993,7.408,13713.593
FL,1994,6.492,13961.798
FL,1995,5.6,14185.403
FL,1996,5.292,14426.911
FL,1997,4.942,14683.35
FL,1998,4.433,14908.23
FL,1999,3.942,15111.244
FL,2000,3.733,16047.515
FL,2001,4.667,16356.966
FL,2002,5.642,16689.37
FL,2003,5.292,17004.085
FL,2004,4.608,17415.318
FL,2005,3.742,17842.038
FL,2006,3.283,18166.99
FL,2007,4.008,18367.842
FL,2008,6.3,18527.305
FL,2009,10.217,18652.644
FL,2010,11.25,18846.143
FL,2011,10.183,19055.607
FL,2012,8.675,19302.016
FL,2013,7.517,19551.678
FL,2014,6.442,19853.88
FL,2015,5.5,20219.111
FL,2016,4.908,20627.237
FL,2017,4.283,20977.089
FL,2018,3.642,21254.926
FL,2019,3.242,21492.056
FL,2020,8.067,21591.325
FL,2021,4.725,21836.698
FL,2022,3.008,22413.989
FL,2023,2.925,22929.248
FL,2024,3.358,23265.838
GA,1982,7.783,5649.792
GA,1983,7.617,5728.25
GA,1984,6.117,5834.954
GA,1985,6.358,5962.661
GA,1986,5.908,6084.666
GA,1987,5.55,6208.467
GA,1988,5.608,6316.142
GA,1989,5.417,6411.099
GA,1990,5.367,6506.531
GA,1991,5.292,6621.279
GA,1992,6.633,6759.474
GA,1993,5.733,6894.092
GA,1994,5.05,7045.9
GA,1995,4.75,7188.538
GA,1996,4.625,7332.225
GA,1997,4.467,7486.094
GA,1998,4.175,7636.522
GA,1999,3.833,7788.24
GA,2000,3.533,8227.303
GA,2001,3.983,8377.038
GA,2002,4.983,8508.256
GA,2003,4.825,8622.793
GA,2004,4.767,8769.252
GA,2005,5.283,8925.922
GA,2006,4.658,9155.813
GA,2007,4.575,9349.988
GA,2008,6.408,9504.843
GA,2009,9.908,9620.846
GA,2010,10.383,9712.209
GA,2011,10.033,9803.63
GA,2012,9.042,9903.58
GA,2013,8.133,9975.592
GA,2014,7.15,10071.204
GA,2015,6.05,10183.353
GA,2016,5.45,10308.442
GA,2017,4.758,10417.031
GA,2018,4.017,10519.389
GA,2019,3.6,10628.02
GA,2020,6.55,10732.595
GA,2021,3.917,10793.038
GA,2022,3.117,10929.992
GA,2023,3.225,11063.669
GA,2024,3.4,11204.208
HI,1982,6.133,993.78
HI,1983,5.892,1012.717
HI,1984,5.417,1027.922
HI,1985,5.242,1039.698
HI,1986,4.642,1051.762
HI,1987,3.7,1067.918
HI,1988,3.042,1079.828
HI,1989,2.483,1094.588
HI,1990,2.608,1112.703
HI,1991,2.767,1131.412
HI,1992,4.108,1149.926
HI,1993,4.383,1161.508
HI,1994,5.142,1173.903
HI,1995,5.5,1180.49
HI,1996,5.892,1184.434
HI,1997,5.942,1189.322
HI,1998,5.792,1190.472
HI,1999,5.167,1185.497
HI,2000,4.233,1213.519
HI,2001,4.275,1225.948
HI,2002,4.042,1239.613
HI,2003,3.908,1251.154
HI,2004,3.308,1273.569
HI,2005,2.842,1292.729
HI,2006,2.567,1309.731
HI,2007,2.742,1315.675
HI,2008,4.092,1332.213
HI,2009,6.5,1346.717
HI,2010,6.7,1364.004
HI,2011,6.708,1379.562
HI,2012,5.808,1395.199
HI,2013,4.717,1408.822
HI,2014,4.225,1415.335
HI,2015,3.417,1422.999
HI,2016,2.908,1428.885
HI,2017,2.233,1425.763
HI,2018,2.4,1423.102
HI,2019,2.508,1415.615
HI,2020,11.742,1451.13
HI,2021,5.967,1446.909
HI,2022,3.242,1437.812
HI,2023,2.867,1434.95
HI,2024,2.767,1434.952
ID,1982,9.95,973.721
ID,1983,9.192,981.869
ID,1984,7.208,990.839
ID,1985,7.833,994.051
ID,1986,8.467,990.224
ID,1987,7.683,984.997
ID,1988,6.183,985.664
ID,1989,5.433,994.416
ID,1990,5.583,1011.882
ID,1991,6.342,1038.915
ID,1992,6.558,1066.49
ID,1993,6.092,1101.204
ID,1994,5.5,1135.459
ID,1995,5.475,1165.0
ID,1996,5.4,1187.706
ID,1997,5.25,1210.638
ID,1998,5.225,1230.923
ID,1999,4.983,1251.7
ID,2000,4.625,1299.43
ID,2001,5.075,1319.962
ID,2002,5.642,1340.372
ID,2003,5.592,1363.38
ID,2004,4.9,1391.802
ID,2005,4.025,1428.241
ID,2006,3.392,1468.669
ID,2007,2.95,1505.105
ID,2008,5.017,1534.32
ID,2009,9.025,1554.439
ID,2010,9.125,1570.819
ID,2011,8.442,1584.272
ID,2012,7.525,1595.91
ID,2013,6.9,1612.053
ID,2014,4.408,1632.248
ID,2015,3.908,1652.495
ID,2016,3.708,1684.036
ID,2017,3.183,1719.745
ID,2018,2.875,1752.074
ID,2019,2.883,1789.06
ID,2020,5.55,1849.328
ID,2021,3.55,1904.855
ID,2022,2.858,1942.951
ID,2023,3.183,1970.497
ID,2024,3.567,2000.872
IL,1982,11.317,11423.412
IL,1983,11.7,11408.818
IL,1984,9.15,11412.132
IL,1985,9.05,11399.806
IL,1986,8.317,11387.257
IL,1987,7.442,11391.178
IL,1988,6.733,11390.183
IL,1989,6.05,11409.782
IL,1990,6.317,11446.979
IL,1991,7.267,11535.973
IL,1992,7.892,11635.197
IL,1993,7.475,11725.984
IL,1994,5.8,11804.986
IL,1995,5.2,11884.935
IL,1996,5.292,11953.003
IL,1997,4.783,12011.509
IL,1998,4.467,12069.774
IL,1999,4.425,12128.37
IL,2000,4.458,12434.161
IL,2001,5.433,12488.445
IL,2002,6.55,12525.556
IL,2003,6.75,12556.006
IL,2004,6.192,12589.773
IL,2005,5.733,12609.903
IL,2006,4.625,12643.955
IL,2007,5.058,12695.866
IL,2008,6.508,12747.038
IL,2009,9.967,12796.778
IL,2010,10.392,12840.545
IL,2011,9.767,12867.783
IL,2012,9.033,12883.029
IL,2013,9.075,12895.778
IL,2014,7.158,12885.092
IL,2015,5.992,12859.585
IL,2016,5.883,12821.709
IL,2017,4.958,12779.893
IL,2018,4.392,12724.685
IL,2019,3.975,12667.017
IL,2020,9.333,12795.348
IL,2021,6.1,12703.354
IL,2022,4.567,12609.577
IL,2023,4.475,12633.389
IL,2024,4.983,12703.033
IN,1982,11.883,5467.922
IN,1983,11.1,5450.395
IN,1984,8.483,5458.322
IN,1985,7.658,5459.211
IN,1986,6.783,5454.108
IN,1987,6.133,5473.012
IN,1988,5.158,5491.735
IN,1989,4.733,5523.693
IN,1990,5.125,5555.097
IN,1991,5.675,5602.062
IN,1992,6.092,5648.649
IN,1993,5.1,5701.965
IN,1994,4.625,5745.626
IN,1995,4.4,5791.819
IN,1996,3.942,5834.908
IN,1997,3.375,5872.37
IN,1998,2.983,5907.617
IN,1999,2.925,5942.901
IN,2000,3.025,6091.866
IN,2001,4.175,6127.76
IN,2002,5.117,6155.967
IN,2003,5.208,6196.638
IN,2004,5.417,6233.007
IN,2005,5.4,6278.616
IN,2006,5.017,6332.669
IN,2007,4.642,6379.599
IN,2008,5.933,6424.806
IN,2009,10.158,6459.325
IN,2010,9.975,6490.555
IN,2011,8.908,6517.25
IN,2012,8.217,6538.989
IN,2013,7.508,6570.575
IN,2014,5.95,6596.019
IN,2015,4.8,6611.442
IN,2016,4.392,6637.898
IN,2017,3.525,6662.068
IN,2018,3.433,6698.481
IN,2019,3.317,6731.01
IN,2020,7.383,6790.29
IN,2021,3.917,6814.223
IN,2022,3.067,6841.491
IN,2023,3.417,6881.373
IN,2024,4.025,6934.754
IA,1982,8.425,2888.189
IA,1983,8.167,2870.543
IA,1984,6.917,2858.618
IA,1985,7.375,2829.684
IA,1986,6.792,2791.97
IA,1987,5.608,2767.011
IA,1988,4.658,2768.388
IA,1989,4.35,2770.592
IA,1990,4.425,2779.769
IA,1991,4.675,2791.227
IA,1992,4.483,2806.923
IA,1993,4.15,2820.525
IA,1994,3.6,2829.422
IA,1995,3.508,2840.86
IA,1996,3.583,2848.473
IA,1997,3.142,2854.396
IA,1998,2.85,2861.025
IA,1999,2.683,2869.413
IA,2000,2.675,2929.067
IA,2001,3.333,2931.997
IA,2002,4.0,2934.234
IA,2003,4.458,2941.999
IA,2004,4.508,2953.635
IA,2005,4.283,2964.454
IA,2006,3.692,2982.644
IA,2007,3.717,2999.212
IA,2008,4.158,3016.734
IA,2009,6.467,3032.87
IA,2010,6.092,3050.819
IA,2011,5.583,3066.772
IA,2012,5.008,3076.844
IA,2013,4.725,3093.935
IA,2014,4.258,3110.643
IA,2015,3.717,3122.541
IA,2016,3.6,3133.21
IA,2017,3.092,3143.734
IA,2018,2.583,3149.9
IA,2019,2.658,3159.596
IA,2020,5.217,3191.081
IA,2021,3.883,3199.037
IA,2022,2.85,3201.89
IA,2023,2.958,3214.739
IA,2024,3.142,3230.454
KS,1982,6.358,2401.202
KS,1983,5.9,2415.531
KS,1984,4.933,2424.086
KS,1985,5.142,2427.405
KS,1986,5.367,2432.619
KS,1987,4.792,2445.367
KS,1988,4.492,2461.996
KS,1989,4.133,2472.849
KS,1990,4.275,2480.683
KS,1991,4.475,2495.209
KS,1992,4.558,2526.042
KS,1993,4.958,2547.605
KS,1994,4.775,2569.118
KS,1995,4.333,2586.942
KS,1996,4.25,2598.266
KS,1997,3.792,2616.339
KS,1998,3.692,2638.667
KS,1999,3.467,2654.052
KS,2000,3.742,2693.681
KS,2001,4.3,2702.162
KS,2002,5.092,2713.535
KS,2003,5.583,2723.004
KS,2004,5.492,2734.373
KS,2005,5.083,2745.299
KS,2006,4.417,2762.931
KS,2007,4.258,2783.785
KS,2008,4.583,2808.076
KS,2009,7.042,2832.704
KS,2010,6.942,2858.266
KS,2011,6.35,2869.677
KS,2012,5.683,2886.024
KS,2013,5.317,2894.306
KS,2014,4.525,2901.861
KS,2015,4.175,2910.717
KS,2016,4.05,2912.977
KS,2017,3.642,2910.892
KS,2018,3.308,2912.748
KS,2019,3.15,2912.635
KS,2020,5.825,2938.274
KS,2021,3.433,2938.966
KS,2022,2.783,2938.034
KS,2023,2.892,2949.749
KS,2024,3.517,2965.252
KY,1982,10.8,3683.445
KY,1983,11.258,3694.484
KY,1984,9.117,3695.453
KY,1985,8.958,3694.826
KY,1986,9.233,3687.809
KY,1987,8.25,3683.329
KY,1988,7.425,3679.999
KY,1989,6.342,3677.306
KY,1990,6.042,3692.584
KY,1991,7.275,3714.686
KY,1992,6.883,3756.358
KY,1993,6.225,3792.288
KY,1994,5.358,3823.215
KY,1995,5.392,3855.248
KY,1996,5.383,3881.051
KY,1997,5.217,3907.816
KY,1998,4.517,3934.31
KY,1999,4.508,3960.825
KY,2000,4.15,4049.021
KY,2001,5.158,4068.132
KY,2002,5.783,4089.875
KY,2003,6.183,4117.17
KY,2004,5.517,4146.101
KY,2005,5.842,4182.742
KY,2006,5.733,4219.239
KY,2007,5.367,4256.672
KY,2008,6.542,4289.878
KY,2009,10.625,4317.074
KY,2010,10.283,4348.464
KY,2011,9.375,4370.817
KY,2012,8.192,4387.865
KY,2013,7.917,4406.906
KY,2014,6.442,4416.992
KY,2015,5.25,4429.126
KY,2016,5.075,4440.306
KY,2017,4.75,4455.59
KY,2018,4.2,4464.273
KY,2019,4.083,4472.345
KY,2020,6.45,4508.271
KY,2021,4.458,4508.348
KY,2022,4.042,4521.238
KY,2023,4.25,4549.953
KY,2024,4.817,4584.046
LA,1982,10.2,4352.608
LA,1983,11.467,4395.316
LA,1984,10.258,4400.477
LA,1985,11.408,4408.118
LA,1986,12.375,4406.919
LA,1987,11.75,4344.148
LA,1988,10.5,4288.863
LA,1989,7.775,4252.894
LA,1990,6.308,4219.179
LA,1991,7.258,4240.95
LA,1992,7.792,4270.849
LA,1993,7.45,4284.749
LA,1994,7.608,4306.5
LA,1995,6.85,4327.978
LA,1996,6.425,4338.763
LA,1997,5.85,4351.39
LA,1998,5.517,4362.758
LA,1999,4.95,4372.035
LA,2000,5.125,4471.885
LA,2001,5.592,4477.875
LA,2002,5.967,4497.267
LA,2003,6.233,4521.042
LA,2004,5.683,4552.238
LA,2005,7.05,4576.628
LA,2006,4.142,4302.665
LA,2007,4.083,4375.581
LA,2008,4.667,4435.586
LA,2009,6.708,4491.648
LA,2010,7.433,4544.635
LA,2011,7.342,4576.244
LA,2012,6.717,4602.067
LA,2013,6.375,4626.04
LA,2014,6.242,4645.938
LA,2015,6.267,4666.998
LA,2016,6.042,4681.346
LA,2017,5.125,4673.673
LA,2018,4.825,4664.45
LA,2019,4.633,4658.285
LA,2020,8.683,4652.145
LA,2021,5.608,4628.595
LA,2022,3.633,4600.892
LA,2023,3.717,4598.777
LA,2024,4.275,4614.878
ME,1982,8.5,1136.684
ME,1983,8.258,1144.772
ME,1984,6.15,1155.635
ME,1985,5.558,1162.936
ME,1986,5.258,1170.126
ME,1987,4.342,1184.574
ME,1988,3.675,1203.84
ME,1989,4.025,1219.961
ME,1990,5.358,1231.296
ME,1991,7.775,1235.439
ME,1992,7.308,1235.748
ME,1993,6.808,1238.256
ME,1994,6.592,1237.687
ME,1995,5.867,1237.438
ME,1996,5.317,1241.436
ME,1997,5.175,1245.215
ME,1998,4.458,1247.554
ME,1999,3.958,1253.04
ME,2000,3.308,1277.072
ME,2001,3.75,1285.692
ME,2002,4.433,1295.96
ME,2003,5.1,1306.513
ME,2004,4.667,1313.688
ME,2005,4.883,1318.787
ME,2006,4.708,1323.619
ME,2007,4.7,1327.04
ME,2008,5.408,1330.509
ME,2009,8.3,1329.59
ME,2010,8.35,1327.651
ME,2011,7.775,1328.473
ME,2012,7.208,1328.094
ME,2013,6.683,1328.543
ME,2014,5.575,1331.217
ME,2015,4.392,1329.098
ME,2016,3.792,1332.348
ME,2017,3.375,1335.743
ME,2018,3.175,1340.123
ME,2019,2.9,1345.77
ME,2020,5.117,1364.546
ME,2021,4.617,1379.009
ME,2022,2.833,1391.585
ME,2023,2.633,1401.992
ME,2024,2.992,1408.438
MD,1982,8.167,4282.923
MD,1983,6.95,4313.327
MD,1984,5.4,4365.243
MD,1985,4.617,4413.071
MD,1986,4.508,4486.957
MD,1987,4.308,4565.557
MD,1988,4.208,4657.904
MD,1989,3.775,4727.301
MD,1990,4.4,4797.431
MD,1991,5.817,4856.176
MD,1992,6.533,4902.545
MD,1993,6.058,4942.504
MD,1994,5.242,4985.411
MD,1995,4.975,5023.65
MD,1996,4.942,5057.142
MD,1997,4.85,5092.914
MD,1998,4.233,5130.072
MD,1999,3.425,5171.634
MD,2000,3.575,5311.034
MD,2001,4.142,5374.691
MD,2002,4.483,5440.389
MD,2003,4.475,5496.269
MD,2004,4.308,5546.935
MD,2005,4.167,5592.379
MD,2006,3.85,5627.367
MD,2007,3.442,5653.408
MD,2008,4.317,5684.965
MD,2009,7.133,5730.388
MD,2010,7.767,5788.784
MD,2011,7.283,5840.241
MD,2012,6.867,5888.375
MD,2013,6.567,5925.197
MD,2014,5.733,5960.064
MD,2015,5.033,5988.528
MD,2016,4.25,6007.014
MD,2017,4.067,6028.186
MD,2018,3.808,6042.153
MD,2019,3.383,6054.954
MD,2020,6.517,6178.387
MD,2021,5.2,6176.035
MD,2022,3.0,6183.257
MD,2023,2.217,6204.927
MD,2024,3.167,6245.314
MA,1982,7.833,5771.222
MA,1983,6.992,5799.407
MA,1984,4.758,5840.773
MA,1985,4.1,5880.733
MA,1986,4.017,5902.678
MA,1987,3.342,5935.204
MA,1988,3.3,5979.982
MA,1989,4.208,6015.478
MA,1990,6.367,6018.664
MA,1991,8.883,5998.652
MA,1992,8.8,5993.474
MA,1993,7.292,6010.884
MA,1994,6.225,6031.352
MA,1995,5.458,6062.335
MA,1996,4.617,6085.393
MA,1997,4.067,6115.476
MA,1998,3.375,6144.407
MA,1999,3.283,6175.169
MA,2000,2.808,6361.104
MA,2001,3.792,6397.634
MA,2002,5.242,6417.206
MA,2003,5.742,6422.565
MA,2004,5.133,6412.281
MA,2005,4.792,6403.29
MA,2006,4.692,6410.084
MA,2007,4.517,6431.559
MA,2008,5.317,6468.967
MA,2009,8.15,6517.613
MA,2010,8.1,6566.44
MA,2011,7.233,6614.218
MA,2012,6.7,6664.269
MA,2013,6.658,6715.158
MA,2014,5.758,6764.864
MA,2015,4.8,6797.484
MA,2016,4.017,6827.28
MA,2017,3.833,6863.56
MA,2018,3.458,6885.72
MA,2019,3.05,6894.883
MA,2020,9.342,6985.32
MA,2021,5.317,6996.721
MA,2022,3.642,7025.465
MA,2023,3.467,7073.479
MA,2024,3.983,7138.56
MI,1982,15.383,9115.198
MI,1983,14.5,9047.754
MI,1984,11.242,9049.452
MI,1985,10.017,9076.293
MI,1986,8.908,9127.775
MI,1987,8.383,9187.481
MI,1988,7.542,9217.998
MI,1989,7.2,9253.295
MI,1990,7.683,9310.462
MI,1991,9.283,9395.022
MI,1992,9.075,9470.323
MI,1993,7.358,9529.24
MI,1994,6.092,9584.481
MI,1995,5.325,9659.871
MI,1996,4.908,9739.184
MI,1997,4.3,9785.45
MI,1998,3.983,9820.231
MI,1999,3.742,9863.775
MI,2000,3.692,9952.45
MI,2001,5.15,9991.12
MI,2002,6.192,10015.71
MI,2003,7.108,10041.152
MI,2004,6.942,10055.315
MI,2005,6.758,10051.137
MI,2006,6.867,10036.081
MI,2007,7.067,10001.284
MI,2008,8.233,9946.889
MI,2009,13.483,9901.591
MI,2010,12.742,9877.597
MI,2011,10.142,9883.053
MI,2012,9.067,9898.289
MI,2013,8.733,9914.802
MI,2014,7.225,9932.033
MI,2015,5.417,9934.483
MI,2016,4.992,9954.117
MI,2017,4.583,9976.752
MI,2018,4.167,9987.286
MI,2019,4.075,9984.795
MI,2020,10.075,10072.294
MI,2021,5.692,10042.362
MI,2022,4.15,10043.906
MI,2023,3.9,10062.124
MI,2024,4.683,10099.962
MN,1982,7.817,4131.45
MN,1983,8.058,4141.456
MN,1984,6.375,4157.706
MN,1985,5.992,4184.302
MN,1986,5.542,4205.212
MN,1987,5.133,4235.136
MN,1988,4.308,4296.166
MN,1989,4.333,4338.057
MN,1990,4.725,4387.283
MN,1991,5.092,4427.429
MN,1992,5.075,4471.503
MN,1993,4.958,4521.709
MN,1994,4.033,4566.028
MN,1995,3.658,4605.445
MN,1996,3.85,4647.723
MN,1997,3.225,4687.726
MN,1998,2.675,4726.411
MN,1999,2.775,4775.508
MN,2000,3.108,4933.692
MN,2001,3.758,4982.796
MN,2002,4.417,5018.935
MN,2003,4.758,5053.572
MN,2004,4.625,5087.713
MN,2005,4.108,5119.598
MN,2006,4.058,5163.555
MN,2007,4.6,5207.203
MN,2008,5.45,5247.018
MN,2009,7.7,5281.203
MN,2010,7.367,5310.934
MN,2011,6.575,5346.62
MN,2012,5.658,5377.5
MN,2013,5.042,5414.722
MN,2014,4.242,5452.665
MN,2015,3.758,5484.002
MN,2016,3.867,5525.36
MN,2017,3.442,5569.283
MN,2018,3.025,5608.762
MN,2019,3.275,5640.053
MN,2020,6.292,5710.562
MN,2021,3.683,5714.055
MN,2022,2.417,5727.565
MN,2023,2.792,5752.998
MN,2024,3.133,5797.405
MS,1982,10.992,2556.777
MS,1983,12.0,2567.717
MS,1984,10.65,2578.051
MS,1985,10.392,2588.102
MS,1986,11.417,2593.597
MS,1987,10.075,2588.545
MS,1988,8.533,2580.352
MS,1989,7.858,2574.269
MS,1990,7.55,2577.426
MS,1991,8.375,2591.23
MS,1992,7.975,2610.193
MS,1993,6.742,2635.574
MS,1994,6.275,2663.45
MS,1995,6.183,2690.788
MS,1996,5.992,2709.925
MS,1997,5.717,2731.826
MS,1998,5.225,2751.335
MS,1999,5.092,2768.619
MS,2000,5.325,2848.353
MS,2001,5.45,2852.994
MS,2002,6.4,2858.681
MS,2003,6.142,2868.312
MS,2004,6.167,2889.01
MS,2005,7.65,2905.943
MS,2006,6.383,2904.978
MS,2007,6.133,2928.35
MS,2008,6.717,2947.806
MS,2009,9.242,2958.774
MS,2010,10.125,2970.615
MS,2011,9.8,2979.147
MS,2012,8.825,2984.599
MS,2013,8.492,2989.839
MS,2014,7.6,2991.892
MS,2015,6.45,2990.231
MS,2016,5.992,2990.595
MS,2017,5.208,2990.674
MS,2018,4.942,2982.879
MS,2019,5.492,2978.227
MS,2020,8.0,2958.385
MS,2021,5.408,2947.603
MS,2022,3.733,2941.237
MS,2023,3.117,2942.47
MS,2024,3.175,2950.172
MO,1982,9.267,4929.451
MO,1983,9.892,4943.733
MO,1984,7.317,4975.278
MO,1985,6.633,5000.268
MO,1986,6.408,5023.068
MO,1987,6.242,5056.696
MO,1988,5.692,5081.736
MO,1989,5.55,5095.83
MO,1990,5.908,5126.37
MO,1991,6.558,5157.77
MO,1992,6.125,5193.686
MO,1993,6.15,5237.757
MO,1994,5.1,5281.206
MO,1995,4.825,5324.61
MO,1996,4.733,5367.888
MO,1997,4.375,5407.113
MO,1998,4.058,5437.562
MO,1999,3.242,5468.338
MO,2000,3.392,5607.285
MO,2001,4.525,5641.142
MO,2002,5.325,5674.825
MO,2003,5.692,5709.403
MO,2004,5.842,5747.741
MO,2005,5.417,5790.3
MO,2006,4.892,5842.704
MO,2007,5.083,5887.612
MO,2008,6.158,5923.916
MO,2009,9.092,5961.088
MO,2010,9.417,5996.089
MO,2011,8.575,6011.182
MO,2012,7.142,6026.027
MO,2013,6.758,6042.989
MO,2014,6.167,6059.13
MO,2015,5.1,6075.411
MO,2016,4.575,6091.384
MO,2017,3.792,6111.382
MO,2018,3.233,6125.986
MO,2019,3.233,6140.475
MO,2020,6.217,6155.074
MO,2021,4.117,6172.551
MO,2022,2.633,6179.285
MO,2023,3.117,6205.956
MO,2024,3.7,6243.544
MT,1982,8.592,803.986
MT,1983,8.75,814.031
MT,1984,7.5,820.905
MT,1985,7.642,822.32
MT,1986,7.942,813.739
MT,1987,7.458,805.063
MT,1988,6.65,800.202
MT,1989,5.958,799.636
MT,1990,6.067,799.824
MT,1991,6.933,807.837
MT,1992,6.725,822.436
MT,1993,6.117,839.876
MT,1994,5.492,854.923
MT,1995,5.708,868.522
MT,1996,5.533,876.656
MT,1997,5.475,878.706
MT,1998,5.592,879.533
MT,1999,5.3,882.779
MT,2000,4.833,903.773
MT,2001,4.617,906.961
MT,2002,4.567,911.667
MT,2003,4.733,919.63
MT,2004,4.542,930.009
MT,2005,4.083,940.102
MT,2006,3.367,952.692
MT,2007,3.392,964.706
MT,2008,4.725,976.415
MT,2009,7.1,983.982
MT,2010,7.15,990.73
MT,2011,6.625,997.518
MT,2012,5.783,1004.168
MT,2013,5.3,1014.158
MT,2014,4.642,1022.657
MT,2015,4.242,1031.495
MT,2016,4.267,1042.137
MT,2017,4.1,1053.862
MT,2018,3.725,1061.818
MT,2019,3.5,1070.123
MT,2020,5.825,1087.156
MT,2021,3.383,1106.416
MT,2022,2.658,1121.533
MT,2023,2.733,1130.612
MT,2024,3.0,1137.557
NE,1982,5.508,1581.78
NE,1983,5.55,1584.293
NE,1984,4.433,1588.639
NE,1985,5.058,1584.664
NE,1986,4.858,1574.333
NE,1987,4.317,1566.547
NE,1988,3.475,1571.477
NE,1989,2.858,1574.864
NE,1990,2.375,1580.664
NE,1991,2.625,1590.805
NE,1992,2.817,1602.406
NE,1993,2.767,1612.149
NE,1994,2.633,1621.551
NE,1995,2.633,1635.142
NE,1996,2.7,1647.657
NE,1997,2.408,1656.042
NE,1998,2.517,1660.772
NE,1999,2.767,1666.028
NE,2000,2.833,1713.82
NE,2001,3.158,1719.836
NE,2002,3.658,1728.292
NE,2003,3.917,1738.643
NE,2004,3.85,1749.37
NE,2005,3.775,1761.497
NE,2006,3.042,1772.693
NE,2007,2.958,1783.44
NE,2008,3.258,1796.378
NE,2009,4.633,1812.683
NE,2010,4.642,1829.591
NE,2011,4.367,1840.914
NE,2012,3.917,1853.691
NE,2013,3.717,1865.813
NE,2014,3.233,1879.955
NE,2015,2.975,1892.059
NE,2016,3.108,1906.483
NE,2017,2.958,1916.998
NE,2018,2.908,1925.512
NE,2019,3.117,1932.571
NE,2020,4.267,1963.318
NE,2021,2.658,1964.697
NE,2022,2.158,1972.595
NE,2023,2.3,1988.172
NE,2024,2.717,2005.591
NV,1982,9.967,881.537
NV,1983,9.8,901.977
NV,1984,7.692,924.922
NV,1985,7.517,951.03
NV,1986,6.333,980.613
NV,1987,6.192,1023.376
NV,1988,5.225,1075.022
NV,1989,4.683,1137.382
NV,1990,4.8,1218.629
NV,1991,5.833,1285.046
NV,1992,6.783,1330.694
NV,1993,6.875,1380.197
NV,1994,6.242,1456.388
NV,1995,5.567,1525.777
NV,1996,5.083,1596.476
NV,1997,4.433,1675.581
NV,1998,4.167,1743.772
NV,1999,4.05,1809.253
NV,2000,4.142,2018.741
NV,2001,5.108,2098.399
NV,2002,5.625,2173.791
NV,2003,5.2,2248.85
NV,2004,4.45,2346.222
NV,2005,4.208,2432.143
NV,2006,4.167,2522.658
NV,2007,4.767,2601.072
NV,2008,6.9,2653.63
NV,2009,11.075,2684.665
NV,2010,13.25,2702.483
NV,2011,12.983,2713.114
NV,2012,11.533,2744.67
NV,2013,9.967,2776.956
NV,2014,8.2,2818.935
NV,2015,6.867,2868.531
NV,2016,5.833,2919.555
NV,2017,5.008,2972.097
NV,2018,4.408,3030.725
NV,2019,4.108,3090.771
NV,2020,13.675,3116.851
NV,2021,6.842,3148.472
NV,2022,5.225,3177.672
NV,2023,5.117,3211.077
NV,2024,5.392,3253.543
NH,1982,6.85,947.719
NH,1983,5.475,958.134
NH,1984,4.225,976.864
NH,1985,3.683,996.753
NH,1986,2.633,1025.053
NH,1987,2.208,1054.289
NH,1988,2.375,1082.577
NH,1989,3.375,1104.522
NH,1990,5.242,1111.831
NH,1991,6.758,1107.055
NH,1992,7.292,1112.766
NH,1993,6.125,1122.191
NH,1994,4.5,1133.054
NH,1995,3.817,1145.604
NH,1996,3.742,1160.768
NH,1997,3.358,1173.239
NH,1998,2.833,1185.823
NH,1999,2.725,1201.134
NH,2000,2.667,1239.882
NH,2001,3.408,1255.517
NH,2002,4.467,1269.089
NH,2003,4.433,1279.84
NH,2004,3.825,1290.121
NH,2005,3.633,1298.492
NH,2006,3.517,1308.389
NH,2007,3.533,1312.54
NH,2008,3.767,1315.906
NH,2009,6.05,1316.102
NH,2010,6.058,1316.807
NH,2011,5.492,1320.444
NH,2012,5.475,1324.677
NH,2013,5.25,1327.272
NH,2014,4.317,1334.257
NH,2015,3.392,1337.48
NH,2016,2.892,1343.694
NH,2017,2.808,1350.395
NH,2018,2.633,1355.064
NH,2019,2.55,1360.783
NH,2020,6.75,1378.752
NH,2021,3.458,1387.907
NH,2022,2.425,1396.647
NH,2023,2.267,1401.53
NH,2024,2.583,1408.518
NJ,1982,8.758,7430.968
NJ,1983,8.275,7467.785
NJ,1984,6.308,7515.473
NJ,1985,5.617,7565.528
NJ,1986,5.033,7622.159
NJ,1987,4.042,7670.742
NJ,1988,3.75,7712.333
NJ,1989,4.042,7726.089
NJ,1990,5.05,7757.158
NJ,1991,6.758,7784.269
NJ,1992,8.567,7827.77
NJ,1993,7.775,7874.891
NJ,1994,6.858,7918.796
NJ,1995,6.408,7965.523
NJ,1996,6.108,8009.624
NJ,1997,5.325,8054.178
NJ,1998,4.567,8095.542
NJ,1999,4.442,8143.412
NJ,2000,3.65,8430.621
NJ,2001,4.225,8492.671
NJ,2002,5.775,8552.643
NJ,2003,5.85,8601.402
NJ,2004,4.917,8634.561
NJ,2005,4.442,8651.974
NJ,2006,4.692,8661.679
NJ,2007,4.208,8677.885
NJ,2008,5.425,8711.09
NJ,2009,8.833,8755.602
NJ,2010,9.667,8799.451
NJ,2011,9.4,8828.552
NJ,2012,9.45,8845.671
NJ,2013,8.417,8857.821
NJ,2014,6.683,8867.277
NJ,2015,5.692,8870.312
NJ,2016,4.933,8873.584
NJ,2017,4.517,8888.147
NJ,2018,4.017,8891.73
NJ,2019,3.458,8891.258
NJ,2020,9.483,9270.476
NJ,2021,6.7,9266.509
NJ,2022,3.867,9298.402
NJ,2023,4.3,9395.315
NJ,2024,4.642,9506.354
NM,1982,9.042,1363.823
NM,1983,9.75,1394.361
NM,1984,7.7,1416.717
NM,1985,8.633,1438.361
NM,1986,9.217,1462.729
NM,1987,8.967,1478.52
NM,1988,7.617,1490.337
NM,1989,6.733,1503.901
NM,1990,6.667,1519.933
NM,1991,7.267,1547.115
NM,1992,7.325,1580.75
NM,1993,7.325,1614.937
NM,1994,6.508,1653.329
NM,1995,6.633,1682.417
NM,1996,7.525,1706.151
NM,1997,6.425,1722.939
NM,1998,6.233,1733.535
NM,1999,5.583,1739.844
NM,2000,5.017,1821.204
NM,2001,4.967,1831.69
NM,2002,5.475,1855.309
NM,2003,5.925,1877.574
NM,2004,5.583,1903.808
NM,2005,5.225,1932.274
NM,2006,4.233,1962.137
NM,2007,3.542,1990.07
NM,2008,4.375,2010.662
NM,2009,7.05,2036.802
NM,2010,7.817,2064.614
NM,2011,7.217,2080.707
NM,2012,6.95,2087.715
NM,2013,6.9,2092.833
NM,2014,6.558,2090.236
NM,2015,6.608,2090.071
NM,2016,6.783,2092.555
NM,2017,6.117,2092.844
NM,2018,4.933,2093.754
NM,2019,4.967,2099.634
NM,2020,7.925,2118.446
NM,2021,7.083,2117.3
NM,2022,4.067,2112.859
NM,2023,3.658,2119.349
NM,2024,4.092,2126.774
NY,1982,8.7,17589.738
NY,1983,8.933,17686.905
NY,1984,7.258,17745.684
NY,1985,6.617,17791.672
NY,1986,6.208,17833.419
NY,1987,4.783,17868.848
NY,1988,4.233,17941.309
NY,1989,4.858,17983.086
NY,1990,5.333,18002.855
NY,1991,7.308,18029.532
NY,1992,8.717,18082.032
NY,1993,7.95,18140.894
NY,1994,6.925,18156.652
NY,1995,6.325,18150.928
NY,1996,6.242,18143.805
NY,1997,6.417,18143.184
NY,1998,5.583,18159.175
NY,1999,5.183,18196.601
NY,2000,4.5,19001.78
NY,2001,4.867,19082.838
NY,2002,6.2,19137.8
NY,2003,6.417,19175.939
NY,2004,5.808,19171.567
NY,2005,4.95,19132.61
NY,2006,4.5,19104.631
NY,2007,4.425,19132.335
NY,2008,5.392,19212.436
NY,2009,8.383,19307.066
NY,2010,8.733,19399.956
NY,2011,8.358,19499.921
NY,2012,8.65,19574.362
NY,2013,7.817,19626.488
NY,2014,6.292,19653.431
NY,2015,5.217,19657.321
NY,2016,4.875,19636.391
NY,2017,4.642,19593.849
NY,2018,4.1,19544.098
NY,2019,3.892,19463.131
NY,2020,9.908,20122.262
NY,2021,7.05,19835.345
NY,2022,4.275,19713.025
NY,2023,4.025,19786.543
NY,2024,4.15,20001.419
NC,1982,9.3,6019.101
NC,1983,9.0,6077.056
NC,1984,6.608,6164.006
NC,1985,5.675,6253.954
NC,1986,5.317,6321.578
NC,1987,4.55,6403.7
NC,1988,3.692,6480.594
NC,1989,3.567,6565.459
NC,1990,4.125,6656.987
NC,1991,5.925,6748.135
NC,1992,6.242,6831.85
NC,1993,5.117,6947.412
NC,1994,4.408,7060.959
NC,1995,4.367,7185.403
NC,1996,4.342,7307.658
NC,1997,3.825,7428.672
NC,1998,3.525,7545.828
NC,1999,3.3,7650.789
NC,2000,3.75,8081.614
NC,2001,5.475,8210.122
NC,2002,6.525,8326.201
NC,2003,6.258,8422.501
NC,2004,5.467,8553.152
NC,2005,5.217,8705.407
NC,2006,4.733,8917.27
NC,2007,4.717,9118.037
NC,2008,5.933,9309.449
NC,2009,10.792,9449.566
NC,2010,10.8,9574.586
NC,2011,10.35,9658.913
NC,2012,9.6,9751.81
NC,2013,7.775,9846.717
NC,2014,6.117,9937.295
NC,2015,5.658,10037.218
NC,2016,5.1,10161.802
NC,2017,4.55,10275.758
NC,2018,4.008,10391.358
NC,2019,3.875,10501.384
NC,2020,7.325,10450.215
NC,2021,4.842,10565.503
NC,2022,3.675,10705.768
NC,2023,3.475,10871.849
NC,2024,3.642,11052.061
ND,1982,5.525,668.972
ND,1983,5.8,676.688
ND,1984,5.292,680.497
ND,1985,5.5,676.98
ND,1986,5.558,669.512
ND,1987,4.975,661.136
ND,1988,4.667,655.331
ND,1989,4.333,646.351
ND,1990,4.158,637.364
ND,1991,4.358,634.199
ND,1992,4.533,635.427
ND,1993,4.25,637.229
ND,1994,3.708,639.762
ND,1995,3.325,641.548
ND,1996,3.142,642.858
ND,1997,2.942,640.945
ND,1998,2.967,637.808
ND,1999,3.15,633.666
ND,2000,2.908,642.023
ND,2001,2.817,639.062
ND,2002,3.375,638.168
ND,2003,3.45,638.817
ND,2004,3.358,644.705
ND,2005,3.325,646.089
ND,2006,3.117,649.422
ND,2007,3.042,652.822
ND,2008,3.075,657.569
ND,2009,3.875,664.968
ND,2010,3.658,674.752
ND,2011,3.342,685.526
ND,2012,2.942,702.227
ND,2013,2.892,723.149
ND,2014,2.667,738.736
ND,2015,2.775,755.537
ND,2016,3.017,756.114
ND,2017,2.6,756.755
ND,2018,2.392,760.062
ND,2019,2.15,763.724
ND,2020,5.008,779.612
ND,2021,3.1,777.977
ND,2022,2.125,780.191
ND,2023,2.067,787.071
ND,2024,2.4,793.387
OH,1982,12.725,10757.087
OH,1983,12.275,10737.632
OH,1984,9.417,10737.746
OH,1985,8.908,10734.926
OH,1986,8.317,10730.268
OH,1987,7.1,10760.09
OH,1988,6.042,10798.552
OH,1989,5.567,10829.217
OH,1990,5.742,10861.837
OH,1991,6.6,10933.683
OH,1992,7.392,11007.609
OH,1993,6.675,11070.385
OH,1994,5.633,11111.451
OH,1995,4.858,11155.493
OH,1996,5.0,11187.032
OH,1997,4.617,11212.498
OH,1998,4.333,11237.752
OH,1999,4.325,11256.654
OH,2000,4.067,11363.543
OH,2001,4.433,11387.404
OH,2002,5.817,11407.889
OH,2003,6.25,11434.788
OH,2004,6.225,11452.251
OH,2005,5.9,11463.32
OH,2006,5.433,11481.213
OH,2007,5.6,11500.468
OH,2008,6.6,11515.391
OH,2009,10.217,11528.896
OH,2010,9.992,11539.449
OH,2011,8.758,11545.735
OH,2012,7.392,11550.971
OH,2013,7.383,11579.692
OH,2014,5.817,11606.573
OH,2015,4.958,11622.315
OH,2016,5.058,11640.06
OH,2017,4.933,11665.706
OH,2018,4.475,11680.892
OH,2019,4.125,11696.507
OH,2020,8.258,11798.534
OH,2021,5.258,11761.443
OH,2022,3.967,11764.95
OH,2023,3.667,11808.39
OH,2024,4.35,11860.621
OK,1982,6.1,3206.123
OK,1983,8.15,3290.402
OK,1984,6.8,3285.533
OK,1985,7.092,3271.332
OK,1986,8.325,3252.735
OK,1987,7.175,3210.122
OK,1988,6.358,3167.057
OK,1989,5.758,3150.307
OK,1990,5.4,3147.105
OK,1991,6.0,3166.471
OK,1992,5.867,3204.174
OK,1993,5.65,3228.829
OK,1994,5.3,3246.119
OK,1995,4.475,3265.547
OK,1996,4.008,3289.634
OK,1997,3.958,3314.259
OK,1998,4.075,3339.478
OK,1999,3.475,3358.044
OK,2000,2.992,3454.365
OK,2001,3.625,3467.1
OK,2002,4.617,3489.08
OK,2003,5.383,3504.892
OK,2004,4.708,3525.233
OK,2005,4.325,3548.597
OK,2006,3.908,3594.09
OK,2007,3.958,3634.349
OK,2008,3.608,3668.976
OK,2009,6.517,3717.572
OK,2010,6.442,3760.014
OK,2011,5.567,3788.824
OK,2012,5.075,3819.32
OK,2013,5.117,3853.891
OK,2014,4.342,3879.187
OK,2015,4.283,3910.518
OK,2016,4.65,3928.143
OK,2017,4.033,3933.602
OK,2018,3.292,3943.488
OK,2019,3.117,3960.676
OK,2020,6.3,3965.243
OK,2021,4.017,3992.76
OK,2022,3.008,4025.327
OK,2023,3.133,4062.716
OK,2024,3.2,4097.758
OR,1982,11.333,2664.922
OR,1983,10.833,2653.066
OR,1984,9.292,2666.588
OR,1985,8.633,2672.652
OR,1986,7.933,2683.528
OR,1987,6.142,2700.991
OR,1988,5.742,2741.297
OR,1989,5.333,2790.575
OR,1990,5.4,2858.547
OR,1991,6.175,2918.745
OR,1992,7.233,2973.934
OR,1993,6.992,3034.49
OR,1994,5.275,3087.142
OR,1995,4.767,3141.421
OR,1996,5.558,3195.087
OR,1997,5.55,3243.254
OR,1998,5.642,3282.055
OR,1999,5.483,3316.154
OR,2000,5.183,3429.708
OR,2001,6.358,3467.937
OR,2002,7.45,3513.424
OR,2003,8.017,3547.376
OR,2004,7.317,3569.463
OR,2005,6.167,3613.202
OR,2006,5.392,3670.883
OR,2007,5.158,3722.417
OR,2008,6.308,3768.748
OR,2009,10.633,3808.6
OR,2010,10.558,3837.614
OR,2011,9.458,3872.672
OR,2012,8.708,3900.102
OR,2013,7.75,3924.11
OR,2014,6.642,3965.447
OR,2015,5.458,4018.542
OR,2016,4.75,4093.271
OR,2017,4.067,4147.294
OR,2018,4.033,4183.538
OR,2019,3.725,4216.116
OR,2020,7.575,4243.544
OR,2021,5.15,4254.691
OR,2022,3.942,4245.964
OR,2023,3.792,4250.392
OR,2024,4.292,4265.324
PA,1982,10.85,11845.146
PA,1983,11.017,11837.723
PA,1984,8.842,11815.172
PA,1985,7.975,11770.862
PA,1986,6.992,11782.752
PA,1987,5.775,11810.866
PA,1988,5.158,11845.752
PA,1989,4.933,11865.996
PA,1990,5.517,11895.604
PA,1991,6.925,11943.16
PA,1992,7.375,11980.819
PA,1993,6.85,12022.128
PA,1994,6.308,12042.545
PA,1995,5.917,12044.78
PA,1996,5.5,12038.008
PA,1997,5.125,12015.888
PA,1998,4.7,12002.329
PA,1999,4.492,11994.016
PA,2000,4.225,12284.173
PA,2001,4.825,12298.97
PA,2002,5.542,12331.031
PA,2003,5.7,12374.658
PA,2004,5.342,12410.722
PA,2005,4.992,12449.99
PA,2006,4.725,12510.809
PA,2007,4.592,12563.937
PA,2008,5.383,12612.285
PA,2009,8.017,12666.858
PA,2010,8.117,12711.406
PA,2011,7.7,12747.052
PA,2012,7.583,12769.123
PA,2013,7.05,12779.538
PA,2014,5.967,12792.392
PA,2015,5.417,12789.838
PA,2016,5.333,12788.468
PA,2017,4.975,12794.679
PA,2018,4.408,12809.107
PA,2019,4.267,12798.883
PA,2020,8.833,12995.576
PA,2021,5.95,13016.628
PA,2022,4.142,12984.655
PA,2023,3.658,13009.406
PA,2024,3.808,13045.848
RI,1982,9.842,954.17
RI,1983,8.458,956.382
RI,1984,5.392,961.894
RI,1985,4.633,968.955
RI,1986,4.05,977.341
RI,1987,3.725,989.604
RI,1988,2.958,996.408
RI,1989,3.9,1000.666
RI,1990,6.225,1004.649
RI,1991,8.283,1003.99
RI,1992,9.0,1000.571
RI,1993,7.65,997.852
RI,1994,6.675,993.412
RI,1995,6.3,989.203
RI,1996,5.183,987.858
RI,1997,5.35,986.966
RI,1998,4.583,987.704
RI,1999,4.183,990.819
RI,2000,4.05,1050.268
RI,2001,4.492,1057.142
RI,2002,5.05,1065.995
RI,2003,5.525,1071.342
RI,2004,5.283,1074.579
RI,2005,5.142,1067.916
RI,2006,5.258,1063.096
RI,2007,5.117,1057.315
RI,2008,7.625,1055.003
RI,2009,11.167,1053.646
RI,2010,11.617,1053.994
RI,2011,11.1,1053.829
RI,2012,10.3,1054.893
RI,2013,9.483,1055.56
RI,2014,7.767,1056.511
RI,2015,6.017,1056.886
RI,2016,5.242,1057.816
RI,2017,4.475,1056.554
RI,2018,4.05,1059.338
RI,2019,3.525,1058.158
RI,2020,9.258,1096.487
RI,2021,5.55,1097.381
RI,2022,3.225,1098.275
RI,2023,2.975,1101.183
RI,2024,4.25,1110.415
SC,1982,10.8,3207.614
SC,1983,9.858,3234.066
SC,1984,6.967,3271.868
SC,1985,6.842,3303.209
SC,1986,6.375,3342.758
SC,1987,5.467,3380.506
SC,1988,4.608,3412.096
SC,1989,4.6,3456.775
SC,1990,4.9,3499.064
SC,1991,6.125,3559.47
SC,1992,6.75,3600.576
SC,1993,7.3,3634.507
SC,1994,6.158,3666.456
SC,1995,5.108,3699.943
SC,1996,5.683,3738.974
SC,1997,4.492,3790.066
SC,1998,3.633,3839.578
SC,1999,4.158,3885.736
SC,2000,3.7,4024.223
SC,2001,5.167,4064.995
SC,2002,6.075,4107.795
SC,2003,6.75,4150.297
SC,2004,6.925,4210.921
SC,2005,6.783,4270.15
SC,2006,6.35,4357.847
SC,2007,5.617,4444.11
SC,2008,6.917,4528.996
SC,2009,10.967,4589.872
SC,2010,11.083,4635.846
SC,2011,10.358,4672.655
SC,2012,9.033,4719.027
SC,2013,7.425,4766.469
SC,2014,6.3,4826.858
SC,2015,5.9,4896.006
SC,2016,4.9,4963.031
SC,2017,4.192,5027.102
SC,2018,3.367,5091.702
SC,2019,2.767,5157.702
SC,2020,6.0,5131.992
SC,2021,3.933,5194.346
SC,2022,3.2,5288.957
SC,2023,2.967,5390.798
SC,2024,4.108,5490.316
SD,1982,5.425,690.597
SD,1983,5.158,693.008
SD,1984,4.367,697.249
SD,1985,4.85,698.402
SD,1986,4.65,696.034
SD,1987,4.333,696.036
SD,1988,4.15,698.165
SD,1989,3.925,696.701
SD,1990,3.617,696.667
SD,1991,3.525,701.445
SD,1992,3.45,708.698
SD,1993,3.458,716.258
SD,1994,3.25,723.038
SD,1995,3.175,728.251
SD,1996,3.267,730.699
SD,1997,2.942,730.855
SD,1998,2.883,730.789
SD,1999,2.717,733.133
SD,2000,2.517,755.844
SD,2001,3.0,757.972
SD,2002,3.258,760.02
SD,2003,3.475,763.729
SD,2004,3.567,770.396
SD,2005,3.517,775.493
SD,2006,3.008,783.033
SD,2007,2.85,791.623
SD,2008,3.075,799.124
SD,2009,4.6,807.067
SD,2010,4.858,816.193
SD,2011,4.558,823.74
SD,2012,4.017,833.859
SD,2013,3.7,842.751
SD,2014,3.342,849.67
SD,2015,3.025,854.663
SD,2016,3.0,863.693
SD,2017,3.017,873.732
SD,2018,2.767,879.386
SD,2019,2.742,887.127
SD,2020,4.142,887.808
SD,2021,2.55,896.303
SD,2022,1.925,909.156
SD,2023,1.8,917.739
SD,2024,1.825,927.11
TN,1982,11.808,4646.041
TN,1983,11.542,4659.749
TN,1984,8.7,4686.737
TN,1985,7.925,4715.296
TN,1986,7.883,4738.708
TN,1987,6.65,4782.927
TN,1988,5.775,4822.437
TN,1989,5.1,4854.444
TN,1990,5.367,4890.626
TN,1991,6.667,4946.886
TN,1992,6.442,5013.999
TN,1993,5.783,5085.666
TN,1994,4.8,5163.016
TN,1995,5.125,5241.168
TN,1996,5.2,5313.576
TN,1997,5.225,5378.433
TN,1998,4.35,5432.679
TN,1999,3.958,5483.535
TN,2000,3.833,5703.719
TN,2001,4.592,5750.789
TN,2002,5.175,5795.918
TN,2003,5.533,5847.812
TN,2004,5.35,5910.809
TN,2005,5.5,5991.057
TN,2006,5.217,6088.766
TN,2007,4.65,6175.727
TN,2008,6.508,6247.411
TN,2009,10.383,6306.019
TN,2010,9.8,6355.518
TN,2011,9.042,6400.298
TN,2012,7.925,6455.752
TN,2013,7.625,6496.943
TN,2014,6.575,6544.617
TN,2015,5.525,6595.354
TN,2016,4.742,6651.277
TN,2017,3.733,6714.748
TN,2018,3.5,6778.18
TN,2019,3.333,6830.325
TN,2020,7.492,6927.736
TN,2021,4.442,6966.687
TN,2022,3.35,7063.325
TN,2023,3.25,7153.029
TN,2024,3.375,7251.291
TX,1982,6.908,15331.415
TX,1983,8.075,15751.676
TX,1984,6.133,16007.086
TX,1985,7.025,16272.734
TX,1986,8.825,16561.113
TX,1987,8.525,16621.791
TX,1988,7.417,16667.022
TX,1989,6.733,16806.735
TX,1990,6.367,17044.714
TX,1991,6.983,17339.904
TX,1992,7.708,17650.479
TX,1993,7.233,17996.764
TX,1994,6.567,18338.319
TX,1995,6.117,18679.706
TX,1996,5.75,19006.24
TX,1997,5.392,19355.427
TX,1998,4.967,19712.389
TX,1999,4.725,20044.141
TX,2000,4.367,20944.499
TX,2001,4.958,21319.622
TX,2002,6.367,21690.325
TX,2003,6.758,22030.931
TX,2004,6.025,22394.023
TX,2005,5.475,22778.123
TX,2006,4.975,23359.58
TX,2007,4.342,23831.983
TX,2008,4.867,24309.039
TX,2009,7.592,24801.761
TX,2010,8.25,25241.897
TX,2011,8.033,25645.504
TX,2012,6.708,26084.12
TX,2013,6.317,26479.646
TX,2014,5.183,26963.092
TX,2015,4.467,27468.531
TX,2016,4.667,27914.064
TX,2017,4.358,28291.024
TX,2018,3.917,28624.564
TX,2019,3.525,28986.794
TX,2020,7.725,29237.895
TX,2021,5.633,29572.672
TX,2022,3.933,30118.002
TX,2023,4.025,30719.247
TX,2024,4.117,31318.578
UT,1982,8.125,1558.314
UT,1983,8.992,1594.943
UT,1984,6.567,1622.342
UT,1985,6.05,1642.91
UT,1986,6.158,1662.834
UT,1987,6.225,1678.119
UT,1988,4.95,1689.372
UT,1989,4.592,1705.864
UT,1990,4.367,1729.722
UT,1991,4.758,1771.941
UT,1992,4.858,1821.498
UT,1993,4.05,1875.993
UT,1994,3.742,1930.436
UT,1995,3.442,1976.774
UT,1996,3.375,2022.253
UT,1997,3.167,2065.397
UT,1998,3.558,2100.562
UT,1999,3.508,2129.836
UT,2000,3.333,2244.502
UT,2001,4.383,2283.715
UT,2002,5.667,2324.815
UT,2003,5.575,2360.137
UT,2004,5.0,2401.58
UT,2005,4.042,2457.719
UT,2006,2.867,2525.507
UT,2007,2.558,2597.746
UT,2008,3.342,2663.029
UT,2009,7.625,2723.421
UT,2010,8.258,2775.413
UT,2011,7.217,2814.797
UT,2012,4.758,2854.146
UT,2013,4.192,2898.773
UT,2014,3.625,2938.327
UT,2015,3.5,2983.626
UT,2016,3.333,3044.241
UT,2017,3.158,3103.54
UT,2018,2.917,3155.153
UT,2019,2.542,3203.383
UT,2020,4.833,3283.97
UT,2021,2.758,3339.874
UT,2022,2.383,3393.928
UT,2023,2.725,3449.259
UT,2024,3.267,3502.983
VT,1982,7.05,519.109
VT,1983,6.467,523.302
VT,1984,4.858,526.66
VT,1985,4.608,530.035
VT,1986,4.242,534.066
VT,1987,3.633,540.267
VT,1988,3.017,549.763
VT,1989,3.55,557.707
VT,1990,4.808,564.526
VT,1991,6.342,567.141
VT,1992,6.008,570.115
VT,1993,5.025,574.004
VT,1994,4.4,578.9
VT,1995,4.175,582.827
VT,1996,4.2,586.352
VT,1997,3.908,588.665
VT,1998,3.4,590.579
VT,1999,3.067,593.74
VT,2000,2.775,609.618
VT,2001,3.217,612.223
VT,2002,3.942,615.442
VT,2003,4.342,617.858
VT,2004,3.642,619.92
VT,2005,3.475,621.215
VT,2006,3.683,622.892
VT,2007,3.883,623.481
VT,2008,4.483,624.151
VT,2009,6.517,624.817
VT,2010,6.208,625.886
VT,2011,5.4,627.197
VT,2012,4.783,626.361
VT,2013,4.417,626.603
VT,2014,3.908,625.693
VT,2015,3.475,625.81
VT,2016,3.125,624.366
VT,2017,2.95,625.132
VT,2018,2.5,624.802
VT,2019,2.1,624.046
VT,2020,5.65,642.965
VT,2021,3.483,647.238
VT,2022,2.317,647.614
VT,2023,1.933,647.722
VT,2024,2.283,646.521
VA,1982,7.333,5492.783
VA,1983,6.283,5564.657
VA,1984,5.058,5643.87
VA,1985,5.308,5715.153
VA,1986,4.908,5811.7
VA,1987,4.2,5932.268
VA,1988,3.917,6036.909
VA,1989,3.9,6120.246
VA,1990,4.45,6213.526
VA,1991,5.817,6283.853
VA,1992,6.033,6383.315
VA,1993,5.142,6464.795
VA,1994,4.758,6536.771
VA,1995,4.417,6601.392
VA,1996,4.225,6665.491
VA,1997,3.6,6732.878
VA,1998,2.825,6789.225
VA,1999,2.675,6872.912
VA,2000,2.292,7105.817
VA,2001,3.167,7198.362
VA,2002,4.192,7286.873
VA,2003,4.108,7366.977
VA,2004,3.717,7475.575
VA,2005,3.492,7577.105
VA,2006,3.075,7673.725
VA,2007,3.075,7751.0
VA,2008,4.075,7833.496
VA,2009,6.767,7925.937
VA,2010,6.808,8024.004
VA,2011,6.283,8102.437
VA,2012,5.817,8187.456
VA,2013,5.525,8255.861
VA,2014,5.067,8315.43
VA,2015,4.375,8367.303
VA,2016,4.0,8417.651
VA,2017,3.625,8471.011
VA,2018,3.0,8510.92
VA,2019,2.725,8556.642
VA,2020,6.517,8637.303
VA,2021,3.842,8660.007
VA,2022,2.7,8681.038
VA,2023,2.7,8732.034
VA,2024,2.925,8819.642
WA,1982,11.733,4276.552
WA,1983,11.125,4300.266
WA,1984,9.267,4343.656
WA,1985,8.3,4400.098
WA,1986,8.075,4452.72
WA,1987,7.258,4531.901
WA,1988,6.292,4639.893
WA,1989,5.85,4746.316
WA,1990,5.167,4900.78
WA,1991,6.142,5013.443
WA,1992,7.183,5139.011
WA,1993,7.175,5247.704
WA,1994,6.342,5334.896
WA,1995,6.208,5431.024
WA,1996,5.892,5509.963
WA,1997,4.9,5604.105
WA,1998,4.775,5687.832
WA,1999,4.85,5756.361
WA,2000,5.058,5910.512
WA,2001,6.05,5985.722
WA,2002,7.15,6052.349
WA,2003,7.267,6104.115
WA,2004,6.25,6178.645
WA,2005,5.575,6257.305
WA,2006,4.992,6370.753
WA,2007,4.608,6461.587
WA,2008,5.2,6562.231
WA,2009,9.042,6667.426
WA,2010,9.992,6743.009
WA,2011,9.433,6827.479
WA,2012,8.442,6898.599
WA,2013,6.625,6966.252
WA,2014,5.933,7057.531
WA,2015,5.442,7167.287
WA,2016,5.192,7299.961
WA,2017,4.65,7427.951
WA,2018,4.4,7526.793
WA,2019,4.183,7614.024
WA,2020,8.7,7726.812
WA,2021,5.192,7744.316
WA,2022,4.042,7786.828
WA,2023,4.217,7838.655
WA,2024,4.5,7927.958
WV,1982,14.008,1949.604
WV,1983,17.075,1945.061
WV,1984,14.083,1927.697
WV,1985,13.175,1906.831
WV,1986,12.033,1882.35
WV,1987,10.9,1857.585
WV,1988,9.842,1830.215
WV,1989,8.658,1806.568
WV,1990,8.642,1792.481
WV,1991,10.683,1798.212
WV,1992,11.208,1805.462
WV,1993,10.275,1816.179
WV,1994,8.8,1818.49
WV,1995,7.975,1820.56
WV,1996,7.65,1818.983
WV,1997,6.992,1815.588
WV,1998,6.65,1811.688
WV,1999,6.442,1806.928
WV,2000,5.558,1807.021
WV,2001,5.283,1801.481
WV,2002,6.075,1805.414
WV,2003,6.125,1812.295
WV,2004,5.375,1816.438
WV,2005,5.042,1820.492
WV,2006,4.775,1827.912
WV,2007,4.475,1834.052
WV,2008,4.525,1840.31
WV,2009,7.975,1847.775
WV,2010,8.4,1854.265
WV,2011,7.708,1856.606
WV,2012,7.2,1857.446
WV,2013,6.708,1854.768
WV,2014,6.492,1850.569
WV,2015,6.542,1843.332
WV,2016,6.075,1832.435
WV,2017,5.2,1818.683
WV,2018,5.142,1805.953
WV,2019,4.925,1795.263
WV,2020,8.333,1791.67
WV,2021,5.133,1785.921
WV,2022,3.883,1774.003
WV,2023,3.867,1770.036
WV,2024,4.05,1767.402
WI,1982,10.375,4728.87
WI,1983,9.85,4721.438
WI,1984,7.283,4735.563
WI,1985,7.133,4747.767
WI,1986,6.792,4755.618
WI,1987,5.733,4777.919
WI,1988,4.392,4822.388
WI,1989,4.308,4856.574
WI,1990,4.408,4902.265
WI,1991,5.367,4952.675
WI,1992,5.1,5004.636
WI,1993,4.458,5055.318
WI,1994,4.267,5095.504
WI,1995,3.725,5137.004
WI,1996,3.608,5173.828
WI,1997,3.492,5200.235
WI,1998,3.275,5222.124
WI,1999,3.067,5250.446
WI,2000,3.392,5373.999
WI,2001,4.425,5406.835
WI,2002,5.317,5445.162
WI,2003,5.608,5479.203
WI,2004,4.967,5514.026
WI,2005,4.708,5546.166
WI,2006,4.692,5577.655
WI,2007,4.825,5610.775
WI,2008,4.942,5640.996
WI,2009,8.833,5669.264
WI,2010,8.417,5690.538
WI,2011,7.55,5705.84
WI,2012,6.917,5720.825
WI,2013,6.667,5738.012
WI,2014,5.367,5753.199
WI,2015,4.417,5762.927
WI,2016,3.933,5775.17
WI,2017,3.283,5793.147
WI,2018,3.0,5809.319
WI,2019,3.208,5824.581
WI,2020,6.433,5897.371
WI,2021,3.817,5882.128
WI,2022,2.817,5903.472
WI,2023,2.808,5930.35
WI,2024,3.008,5957.168
WY,1982,5.933,506.4
WY,1983,7.825,510.345
WY,1984,6.258,504.896
WY,1985,6.983,499.695
WY,1986,8.467,495.633
WY,1987,7.925,476.965
WY,1988,6.367,465.101
WY,1989,6.008,458.374
WY,1990,5.15,453.401
WY,1991,5.058,457.739
WY,1992,5.467,463.491
WY,1993,5.342,469.033
WY,1994,4.9,474.982
WY,1995,4.767,478.447
WY,1996,4.992,480.085
WY,1997,4.783,480.031
WY,1998,4.8,480.045
WY,1999,4.717,479.602
WY,2000,3.792,494.3
WY,2001,3.875,494.657
WY,2002,4.058,500.017
WY,2003,4.358,503.453
WY,2004,3.833,509.106
WY,2005,3.567,514.157
WY,2006,3.075,522.667
WY,2007,2.733,534.876
WY,2008,3.0,546.043
WY,2009,6.283,559.851
WY,2010,6.875,564.531
WY,2011,6.067,567.491
WY,2012,5.442,576.656
WY,2013,4.717,582.62
WY,2014,4.358,583.159
WY,2015,4.25,586.389
WY,2016,5.275,585.243
WY,2017,4.342,579.994
WY,2018,4.067,579.054
WY,2019,3.733,580.116
WY,2020,5.858,577.669
WY,2021,4.55,579.662
WY,2022,3.442,581.742
WY,2023,2.9,584.666
WY,2024,3.117,586.722
