year,bac_scale,crashes,fatalities,ai08,ai_share,crashes_without_driver_MI,max_MI_rows_per_vehicle
2013,100,30202,32893,10109,0.307,0.0015,1
2014,100,30056,32744,9966,0.304,0.0009,1
2015,100,32166,35092,10293,0.293,0.0012,1
2016,100,34748,37806,10985,0.291,0.0011,1
2017,100,34560,37473,10909,0.291,0.0012,1
2018,100,33919,36835,10726,0.291,0.0014,1
2019,100,33487,36355,10212,0.281,0.001,1
2020,100,35935,39007,11739,0.301,0.0013,1
2021,100,39785,43230,13611,0.315,0.0007,1
2022,100,39422,42721,13468,0.315,0.001,1
2023,100,37769,41025,12395,0.302,0.001,1
2024,100,36297,39254,11919,0.304,0.0012,1
1985,100,39196,43825,18174,0.415,0.0013,1,1
