year,state,dow,hbin,fat,ai08,ai01,svn,dd,crashes
2004,1,1,00-05,56.0,36.2,39.7,36.0,27.0,51
2004,1,1,06-15,71.0,10.5,11.4,0.0,7.0,57
2004,1,1,16-18,26.0,5.2,7.1,0.0,8.0,25
2004,1,1,19-21,28.0,10.200000000000001,11.3,10.0,8.0,25
2004,1,1,22-23,18.0,10.8,12.8,15.0,9.0,18
2004,1,1,unk,1.0,0.4,0.4,0.0,0.0,1
2004,1,2,00-05,22.0,11.5,12.7,13.0,6.0,21
2004,1,2,06-15,68.0,9.3,10.8,0.0,7.0,58
2004,1,2,16-18,22.0,5.2,5.8,0.0,3.0,22
2004,1,2,19-21,15.0,6.0,6.6,3.0,5.0,13
2004,1,2,22-23,8.0,2.0,2.1,3.0,1.0,7
2004,1,3,00-05,20.0,8.9,9.5,8.0,2.0,19
2004,1,3,06-15,64.0,7.8999999999999995,8.3,0.0,3.0,57
2004,1,3,16-18,20.0,3.5999999999999996,4.4,0.0,2.0,17
2004,1,3,19-21,18.0,4.2,5.8,5.0,6.0,17
2004,1,3,22-23,9.0,5.5,5.9,8.0,4.0,9
2004,1,4,00-05,17.0,8.1,9.1,6.0,8.0,16
2004,1,4,06-15,59.0,5.3,6.1000000000000005,0.0,3.0,50
2004,1,4,16-18,27.0,4.6,5.4,0.0,3.0,23
2004,1,4,19-21,17.0,5.1,5.5,6.0,2.0,16
2004,1,4,22-23,9.0,4.4,4.9,9.0,4.0,9
2004,1,5,00-05,22.0,12.4,13.6,10.0,7.0,18
2004,1,5,06-15,82.0,10.700000000000001,12.100000000000001,0.0,7.0,71
2004,1,5,16-18,23.0,5.0,5.4,0.0,2.0,23
2004,1,5,19-21,15.0,5.5,5.7,7.0,3.0,14
2004,1,5,22-23,12.0,6.6,7.5,12.0,7.0,11
2004,1,6,00-05,27.0,16.4,17.5,16.0,8.0,25
2004,1,6,06-15,70.0,9.7,12.1,0.0,7.0,61
2004,1,6,16-18,48.0,11.6,13.1,0.0,9.0,46
2004,1,6,19-21,27.0,11.2,12.2,14.0,12.0,24
2004,1,6,22-23,28.0,16.8,18.2,17.0,17.0,26
2004,1,7,00-05,55.0,37.4,42.8,27.0,28.0,48
2004,1,7,06-15,63.0,13.8,15.4,0.0,10.0,58
2004,1,7,16-18,25.0,8.7,10.7,0.0,4.0,23
2004,1,7,19-21,44.0,20.2,22.6,16.0,15.0,37
2004,1,7,22-23,18.0,8.799999999999999,10.4,13.0,7.0,16
2004,2,1,00-05,3.0,2.5,2.5,1.0,2.0,3
2004,2,1,06-15,9.0,1.9000000000000001,1.9000000000000001,0.0,2.0,9
2004,2,1,16-18,4.0,2.0,2.0,0.0,2.0,4
2004,2,1,22-23,1.0,1.0,1.0,1.0,1.0,1
2004,2,1,unk,1.0,0.6,1.0,0.0,1.0,1
2004,2,2,00-05,1.0,1.0,1.0,1.0,1.0,1
2004,2,2,06-15,4.0,0.1,0.2,0.0,0.0,4
2004,2,2,16-18,4.0,0.7,0.7,0.0,1.0,4
2004,2,2,19-21,2.0,0.2,0.3,2.0,0.0,2
2004,2,3,06-15,8.0,1.2000000000000002,1.2000000000000002,0.0,1.0,8
2004,2,3,16-18,1.0,0.0,0.0,0.0,0.0,1
2004,2,3,19-21,2.0,1.0,1.0,0.0,1.0,2
2004,2,3,22-23,2.0,1.0,1.1,2.0,1.0,2
2004,2,4,00-05,2.0,1.4,1.4,2.0,1.0,2
2004,2,4,06-15,9.0,0.7,0.9,0.0,3.0,8
2004,2,4,16-18,4.0,0.4,0.4,0.0,0.0,4
2004,2,4,19-21,2.0,0.8,0.9,1.0,1.0,2
2004,2,5,00-05,2.0,1.6,1.6,0.0,1.0,2
2004,2,5,06-15,3.0,0.1,0.1,0.0,0.0,3
2004,2,5,16-18,4.0,1.8,2.0,0.0,2.0,3
2004,2,6,00-05,2.0,0.4,0.4,0.0,0.0,2
2004,2,6,06-15,7.0,0.4,0.5,0.0,2.0,7
2004,2,6,16-18,5.0,1.5,1.5,0.0,1.0,4
2004,2,6,19-21,6.0,2.2,2.3,3.0,4.0,5
2004,2,6,22-23,1.0,0.4,0.5,1.0,0.0,1
2004,2,7,00-05,1.0,0.0,0.0,1.0,0.0,1
2004,2,7,06-15,6.0,1.3,1.4,0.0,1.0,6
2004,2,7,16-18,1.0,0.1,0.1,0.0,0.0,1
2004,2,7,19-21,3.0,0.2,0.2,1.0,0.0,2
2004,2,7,22-23,1.0,0.8,1.0,1.0,1.0,1
2004,4,1,00-05,55.0,38.2,42.9,27.0,41.0,49
2004,4,1,06-15,59.0,10.2,12.3,0.0,14.0,53
2004,4,1,16-18,37.0,13.8,16.4,0.0,17.0,30
2004,4,1,19-21,30.0,13.0,15.1,10.0,13.0,25
2004,4,1,22-23,14.0,7.1,8.9,8.0,9.0,12
2004,4,1,unk,5.0,2.7,2.9,0.0,3.0,5
2004,4,2,00-05,26.0,11.4,12.3,12.0,8.0,25
2004,4,2,06-15,57.0,6.6,7.0,0.0,3.0,48
2004,4,2,16-18,24.0,4.2,4.7,0.0,5.0,23
2004,4,2,19-21,18.0,6.8,8.1,8.0,5.0,18
2004,4,2,22-23,11.0,3.7,4.2,10.0,2.0,7
2004,4,2,unk,8.0,2.6,3.0,0.0,1.0,7
2004,4,3,00-05,23.0,10.0,10.8,5.0,5.0,17
2004,4,3,06-15,55.0,6.500000000000001,9.6,0.0,5.0,43
2004,4,3,16-18,14.0,1.6,2.7,0.0,2.0,13
2004,4,3,19-21,24.0,9.700000000000001,9.8,8.0,12.0,20
2004,4,3,22-23,6.0,3.0,3.7,5.0,4.0,6
2004,4,3,unk,2.0,0.0,0.0,0.0,0.0,2
2004,4,4,00-05,21.0,8.0,9.0,6.0,4.0,17
2004,4,4,06-15,57.0,3.4000000000000004,4.0,0.0,2.0,48
2004,4,4,16-18,22.0,6.1000000000000005,7.0,0.0,6.0,19
2004,4,4,19-21,17.0,8.200000000000001,9.9,6.0,14.0,15
2004,4,4,22-23,10.0,5.5,6.0,8.0,6.0,8
2004,4,4,unk,6.0,2.8,2.9,0.0,0.0,5
2004,4,5,00-05,29.0,14.0,15.6,13.0,10.0,22
2004,4,5,06-15,56.0,7.5,8.0,0.0,6.0,49
2004,4,5,16-18,22.0,2.4,3.7,0.0,3.0,22
2004,4,5,19-21,32.0,17.3,17.5,12.0,17.0,25
2004,4,5,22-23,9.0,3.7,4.0,6.0,2.0,9
2004,4,5,unk,1.0,0.1,0.1,0.0,0.0,1
2004,4,6,00-05,26.0,10.0,10.9,9.0,6.0,21
2004,4,6,06-15,86.0,8.0,11.2,0.0,7.0,66
2004,4,6,16-18,32.0,6.0,8.6,0.0,8.0,30
2004,4,6,19-21,24.0,3.8,4.7,13.0,5.0,21
2004,4,6,22-23,25.0,9.6,13.1,16.0,11.0,24
2004,4,6,unk,6.0,1.8,2.3,0.0,1.0,6
2004,4,7,00-05,29.0,17.7,20.3,9.0,19.0,28
2004,4,7,06-15,76.0,17.6,19.9,0.0,13.0,62
2004,4,7,16-18,25.0,3.4,4.2,0.0,3.0,22
2004,4,7,19-21,31.0,12.9,15.1,10.0,19.0,30
2004,4,7,22-23,16.0,7.6,11.6,6.0,12.0,14
2004,4,7,unk,8.0,2.9,3.4,0.0,3.0,8
2004,4,9,16-18,1.0,0.3,0.4,0.0,0.0,1
2004,4,9,unk,16.0,5.9,6.9,0.0,4.0,14
2004,5,1,00-05,24.0,13.3,15.5,9.0,14.0,22
2004,5,1,06-15,32.0,6.7,8.3,0.0,8.0,30
2004,5,1,16-18,7.0,2.3,2.3,0.0,2.0,7
2004,5,1,19-21,18.0,7.3,9.9,5.0,9.0,17
2004,5,1,22-23,2.0,0.1,0.1,1.0,0.0,2
2004,5,2,00-05,7.0,2.5,2.5,4.0,3.0,7
2004,5,2,06-15,34.0,1.4000000000000001,2.5,0.0,1.0,29
2004,5,2,16-18,24.0,7.1000000000000005,8.3,0.0,7.0,20
2004,5,2,19-21,9.0,2.8,4.0,3.0,4.0,9
2004,5,2,22-23,6.0,3.2,3.2,3.0,3.0,6
2004,5,3,00-05,8.0,3.3,4.4,3.0,4.0,7
2004,5,3,06-15,34.0,2.9,5.1000000000000005,0.0,3.0,29
2004,5,3,16-18,18.0,5.9,7.0,0.0,6.0,15
2004,5,3,19-21,7.0,2.0,2.0,3.0,3.0,7
2004,5,3,22-23,5.0,2.9,3.1,5.0,2.0,5
2004,5,4,00-05,6.0,1.0,2.0,6.0,2.0,6
2004,5,4,06-15,39.0,3.4,4.4,0.0,3.0,34
2004,5,4,16-18,16.0,3.3,6.3,0.0,6.0,13
2004,5,4,19-21,10.0,3.6999999999999997,4.1000000000000005,2.0,4.0,9
2004,5,4,22-23,8.0,4.0,5.0,6.0,6.0,8
2004,5,5,00-05,8.0,5.0,5.0,4.0,5.0,8
2004,5,5,06-15,44.0,4.1,5.5,0.0,4.0,35
2004,5,5,16-18,20.0,2.4,5.4,0.0,5.0,18
2004,5,5,19-21,24.0,8.6,9.6,7.0,11.0,20
2004,5,5,22-23,7.0,4.4,4.4,5.0,4.0,6
2004,5,5,unk,1.0,0.0,0.0,0.0,0.0,1
2004,5,6,00-05,20.0,11.9,12.1,16.0,12.0,20
2004,5,6,06-15,52.0,6.2,7.6000000000000005,0.0,5.0,42
2004,5,6,16-18,15.0,5.1,5.2,0.0,5.0,14
2004,5,6,19-21,21.0,11.5,11.6,8.0,12.0,20
2004,5,6,22-23,12.0,5.4,6.5,7.0,5.0,12
2004,5,6,unk,1.0,0.0,1.0,0.0,1.0,1
2004,5,7,00-05,44.0,17.3,19.8,19.0,19.0,25
2004,5,7,06-15,49.0,7.5,10.1,0.0,12.0,45
2004,5,7,16-18,24.0,5.5,8.6,0.0,8.0,19
2004,5,7,19-21,24.0,11.0,16.4,6.0,15.0,20
2004,5,7,22-23,19.0,13.1,16.1,7.0,16.0,12
2004,5,7,unk,3.0,2.0,2.0,0.0,2.0,3
2004,5,9,unk,1.0,0.5,0.5,0.0,0.0,1
2004,6,1,00-05,206.0,120.5,138.8,106.0,149.0,181
2004,6,1,06-15,197.0,42.5,53.0,0.0,58.0,181
2004,6,1,16-18,118.0,31.3,34.4,0.0,42.0,109
2004,6,1,19-21,115.0,38.6,44.9,51.0,58.0,107
2004,6,1,22-23,50.0,26.0,27.6,32.0,32.0,46
2004,6,1,unk,20.0,10.4,12.6,0.0,13.0,19
2004,6,2,00-05,96.0,38.0,47.0,48.0,56.0,89
2004,6,2,06-15,170.0,13.5,24.1,0.0,25.0,161
2004,6,2,16-18,91.0,21.6,25.9,0.0,28.0,82
2004,6,2,19-21,86.0,33.2,40.0,37.0,49.0,78
2004,6,2,22-23,40.0,14.1,15.6,31.0,23.0,33
2004,6,2,unk,4.0,1.1,1.1,0.0,1.0,4
2004,6,3,00-05,62.0,20.1,27.5,26.0,30.0,55
2004,6,3,06-15,211.0,13.0,20.3,0.0,24.0,190
2004,6,3,16-18,84.0,15.3,18.8,0.0,25.0,76
2004,6,3,19-21,75.0,21.2,25.9,40.0,32.0,71
2004,6,3,22-23,31.0,7.5,9.8,21.0,14.0,28
2004,6,3,unk,5.0,0.2,2.2,0.0,2.0,4
2004,6,4,00-05,66.0,26.3,28.3,29.0,31.0,63
2004,6,4,06-15,202.0,11.1,17.1,0.0,16.0,185
2004,6,4,16-18,86.0,10.6,14.9,0.0,23.0,80
2004,6,4,19-21,82.0,31.6,36.4,38.0,40.0,73
2004,6,4,22-23,27.0,14.8,17.2,13.0,18.0,26
2004,6,4,unk,6.0,1.0,2.0,0.0,2.0,5
2004,6,5,00-05,103.0,46.5,54.8,45.0,50.0,94
2004,6,5,06-15,219.0,26.4,39.7,0.0,43.0,192
2004,6,5,16-18,105.0,22.1,26.0,0.0,30.0,89
2004,6,5,19-21,99.0,35.2,40.0,41.0,53.0,90
2004,6,5,22-23,55.0,18.4,20.6,33.0,32.0,51
2004,6,5,unk,8.0,3.9,3.9,0.0,4.0,8
2004,6,6,00-05,110.0,54.2,62.5,61.0,60.0,99
2004,6,6,06-15,229.0,24.0,31.2,0.0,29.0,206
2004,6,6,16-18,119.0,23.7,33.5,0.0,38.0,113
2004,6,6,19-21,108.0,35.0,42.5,50.0,53.0,102
2004,6,6,22-23,72.0,33.0,39.5,43.0,43.0,64
2004,6,6,unk,4.0,1.3,1.4000000000000001,0.0,2.0,4
2004,6,7,00-05,219.0,136.1,150.5,112.0,163.0,195
2004,6,7,06-15,232.0,33.1,52.3,0.0,50.0,202
2004,6,7,16-18,99.0,21.2,25.8,0.0,30.0,88
2004,6,7,19-21,118.0,50.3,63.0,57.0,68.0,107
2004,6,7,22-23,81.0,48.6,55.5,49.0,64.0,71
2004,6,7,unk,10.0,3.0,5.0,0.0,5.0,6
2004,8,1,00-05,23.0,12.5,14.1,17.0,21.0,21
2004,8,1,06-15,36.0,3.0,5.2,0.0,4.0,33
2004,8,1,16-18,11.0,2.6,3.1,0.0,2.0,10
2004,8,1,19-21,14.0,5.6,6.0,7.0,6.0,14
2004,8,1,22-23,8.0,4.3,4.6,3.0,3.0,6
2004,8,2,00-05,15.0,8.2,8.9,4.0,7.0,13
2004,8,2,06-15,41.0,5.6000000000000005,6.1000000000000005,0.0,5.0,35
2004,8,2,16-18,16.0,4.6000000000000005,5.1000000000000005,0.0,6.0,14
2004,8,2,19-21,9.0,4.7,5.2,5.0,5.0,8
2004,8,2,22-23,9.0,5.2,5.2,6.0,6.0,8
2004,8,3,00-05,14.0,7.7,7.8,11.0,8.0,11
2004,8,3,06-15,37.0,3.5,5.1,0.0,5.0,31
2004,8,3,16-18,15.0,1.6,1.8,0.0,1.0,15
2004,8,3,19-21,9.0,3.6,3.6,4.0,5.0,8
2004,8,3,22-23,5.0,4.0,4.0,4.0,5.0,5
2004,8,3,unk,1.0,1.0,1.0,0.0,1.0,1
2004,8,4,00-05,8.0,3.8,4.9,4.0,4.0,8
2004,8,4,06-15,30.0,1.4000000000000001,1.5000000000000002,0.0,1.0,24
2004,8,4,16-18,14.0,6.5,6.8999999999999995,0.0,8.0,13
2004,8,4,19-21,8.0,2.1,2.1,7.0,2.0,8
2004,8,4,22-23,7.0,0.5,0.6000000000000001,3.0,3.0,6
2004,8,5,00-05,9.0,6.4,6.7,5.0,6.0,9
2004,8,5,06-15,40.0,2.8,4.1,0.0,3.0,38
2004,8,5,16-18,23.0,2.4,2.8000000000000003,0.0,4.0,19
2004,8,5,19-21,11.0,4.0,5.2,6.0,8.0,11
2004,8,5,22-23,7.0,4.5,4.6,3.0,4.0,6
2004,8,6,00-05,22.0,18.1,18.7,14.0,20.0,19
2004,8,6,06-15,40.0,3.7,4.1000000000000005,0.0,5.0,38
2004,8,6,16-18,18.0,1.9,3.1,0.0,4.0,16
2004,8,6,19-21,15.0,5.0,10.4,4.0,11.0,11
2004,8,6,22-23,14.0,6.6,10.6,12.0,11.0,13
2004,8,7,00-05,33.0,22.8,25.1,22.0,28.0,30
2004,8,7,06-15,45.0,6.6,9.7,0.0,12.0,41
2004,8,7,16-18,27.0,7.4,9.1,0.0,8.0,24
2004,8,7,19-21,20.0,8.7,9.3,6.0,13.0,19
2004,8,7,22-23,12.0,5.9,8.2,7.0,8.0,9
2004,8,9,unk,1.0,1.0,1.0,0.0,1.0,1
2004,9,1,00-05,12.0,9.0,9.5,8.0,7.0,12
2004,9,1,06-15,13.0,3.1,3.1,0.0,3.0,13
2004,9,1,16-18,9.0,4.7,4.9,0.0,3.0,8
2004,9,1,19-21,10.0,8.2,8.7,3.0,8.0,7
2004,9,1,22-23,3.0,2.0,2.0,3.0,1.0,3
2004,9,2,00-05,8.0,4.9,5.2,4.0,4.0,8
2004,9,2,06-15,21.0,2.9,5.4,0.0,4.0,18
2004,9,2,16-18,5.0,1.4,1.5,0.0,2.0,5
2004,9,2,19-21,2.0,0.5,0.6000000000000001,2.0,0.0,2
2004,9,2,22-23,5.0,2.5,3.5,4.0,3.0,5
2004,9,3,00-05,6.0,4.5,4.5,4.0,4.0,5
2004,9,3,06-15,16.0,1.1,1.1,0.0,0.0,16
2004,9,3,16-18,6.0,1.2,1.5,0.0,0.0,5
2004,9,3,19-21,8.0,4.4,4.5,1.0,3.0,8
2004,9,3,22-23,4.0,3.1,3.1,3.0,3.0,4
2004,9,4,00-05,4.0,2.6,2.7,2.0,2.0,4
2004,9,4,06-15,24.0,1.7,2.1,0.0,2.0,21
2004,9,4,16-18,8.0,0.5,0.7,0.0,0.0,8
2004,9,4,19-21,10.0,2.9,4.2,7.0,3.0,9
2004,9,4,22-23,2.0,1.0,2.0,2.0,2.0,2
2004,9,5,00-05,7.0,5.1,5.4,4.0,3.0,6
2004,9,5,06-15,9.0,0.1,0.2,0.0,0.0,9
2004,9,5,16-18,5.0,0.1,0.1,0.0,0.0,5
2004,9,5,19-21,10.0,4.6,4.7,3.0,4.0,10
2004,9,5,22-23,8.0,2.9,3.8,5.0,5.0,8
2004,9,6,00-05,3.0,2.1,2.2,2.0,1.0,3
2004,9,6,06-15,10.0,2.1,2.3,0.0,2.0,10
2004,9,6,16-18,3.0,0.8999999999999999,1.0,0.0,1.0,3
2004,9,6,19-21,8.0,4.3,4.5,5.0,4.0,8
2004,9,6,22-23,1.0,1.0,1.0,1.0,1.0,1
2004,9,7,00-05,30.0,21.4,22.0,24.0,20.0,30
2004,9,7,06-15,10.0,0.6,0.7,0.0,0.0,10
2004,9,7,16-18,9.0,3.1,3.9000000000000004,0.0,2.0,9
2004,9,7,19-21,4.0,0.7000000000000001,1.7,0.0,1.0,4
2004,9,7,22-23,1.0,1.0,1.0,1.0,1.0,1
2004,10,1,00-05,8.0,7.0,7.0,3.0,7.0,7
2004,10,1,06-15,5.0,0.0,1.0,0.0,1.0,5
2004,10,1,16-18,4.0,0.0,0.0,0.0,0.0,4
2004,10,1,19-21,2.0,0.5,0.5,1.0,1.0,2
2004,10,1,22-23,4.0,3.0,3.0,4.0,3.0,3
2004,10,2,00-05,1.0,0.2,0.3,0.0,0.0,1
2004,10,2,06-15,6.0,0.0,0.0,0.0,0.0,5
2004,10,2,16-18,5.0,1.0,1.0,0.0,1.0,5
2004,10,2,19-21,1.0,1.0,1.0,1.0,1.0,1
2004,10,2,unk,1.0,0.9,0.9,0.0,1.0,1
2004,10,3,00-05,4.0,2.2,2.2,3.0,3.0,3
2004,10,3,06-15,6.0,0.1,0.1,0.0,1.0,6
2004,10,3,16-18,4.0,1.0,1.0,0.0,1.0,4
2004,10,3,19-21,3.0,0.0,0.0,1.0,0.0,2
2004,10,4,00-05,5.0,2.3,3.3,2.0,4.0,5
2004,10,4,06-15,12.0,0.4,1.5,0.0,1.0,11
2004,10,4,16-18,3.0,0.0,0.0,0.0,1.0,3
2004,10,4,19-21,4.0,2.2,2.2,3.0,2.0,4
2004,10,4,22-23,1.0,0.0,0.0,1.0,1.0,1
2004,10,5,00-05,2.0,1.3,1.3,1.0,2.0,2
2004,10,5,06-15,9.0,0.9,1.0,0.0,1.0,9
2004,10,5,19-21,1.0,0.0,0.0,0.0,1.0,1
2004,10,5,22-23,3.0,2.3,2.3,3.0,2.0,3
2004,10,6,00-05,2.0,1.0,1.0,2.0,1.0,2
2004,10,6,06-15,7.0,1.8,2.0,0.0,2.0,7
2004,10,6,16-18,4.0,0.4,0.5,0.0,1.0,3
2004,10,6,19-21,4.0,0.1,0.1,3.0,1.0,4
2004,10,6,22-23,3.0,0.0,0.0,1.0,0.0,2
2004,10,6,unk,1.0,1.0,1.0,0.0,1.0,1
2004,10,7,00-05,5.0,5.0,5.0,5.0,5.0,4
2004,10,7,06-15,5.0,1.2,1.2,0.0,1.0,5
2004,10,7,16-18,6.0,2.0,2.2,0.0,2.0,6
2004,10,7,19-21,1.0,0.1,0.1,1.0,0.0,1
2004,10,7,22-23,2.0,0.30000000000000004,0.30000000000000004,1.0,1.0,2
2004,11,1,00-05,2.0,1.3,1.4,1.0,0.0,2
2004,11,1,19-21,1.0,1.0,1.0,0.0,1.0,1
2004,11,2,16-18,1.0,0.2,0.2,0.0,0.0,1
2004,11,3,00-05,3.0,2.3,2.4,1.0,2.0,3
2004,11,3,06-15,1.0,0.0,0.0,0.0,0.0,1
2004,11,3,19-21,1.0,0.6,0.7,1.0,1.0,1
2004,11,4,06-15,1.0,0.1,0.1,0.0,0.0,1
2004,11,4,16-18,1.0,1.0,1.0,0.0,1.0,1
2004,11,5,00-05,3.0,1.2999999999999998,1.4,2.0,1.0,3
2004,11,5,16-18,5.0,1.3,1.4,0.0,1.0,5
2004,11,6,00-05,1.0,0.0,0.0,0.0,0.0,1
2004,11,6,06-15,3.0,0.2,0.2,0.0,0.0,3
2004,11,6,16-18,1.0,0.0,1.0,0.0,1.0,1
2004,11,6,19-21,2.0,0.0,0.0,1.0,0.0,2
2004,11,6,22-23,1.0,0.0,0.0,1.0,0.0,1
2004,11,7,00-05,6.0,3.1,3.2,3.0,2.0,5
2004,11,7,06-15,3.0,0.1,0.1,0.0,0.0,2
2004,11,7,16-18,2.0,0.2,0.4,0.0,0.0,2
2004,11,7,19-21,2.0,0.0,1.0,0.0,1.0,2
2004,11,7,22-23,3.0,0.2,2.0,1.0,2.0,3
2004,12,1,00-05,161.0,87.7,108.5,84.0,101.0,147
2004,12,1,06-15,170.0,22.7,27.8,0.0,22.0,145
2004,12,1,16-18,90.0,20.3,23.9,0.0,21.0,80
2004,12,1,19-21,82.0,30.1,37.6,32.0,41.0,71
2004,12,1,22-23,39.0,14.1,20.0,32.0,22.0,39
2004,12,1,unk,7.0,4.3,4.3,0.0,4.0,7
2004,12,2,00-05,72.0,36.8,41.7,34.0,37.0,63
2004,12,2,06-15,161.0,10.1,13.5,0.0,11.0,151
2004,12,2,16-18,61.0,10.1,12.8,0.0,10.0,49
2004,12,2,19-21,53.0,16.4,19.3,24.0,19.0,51
2004,12,2,22-23,24.0,8.2,10.3,15.0,12.0,21
2004,12,2,unk,2.0,1.0,1.0,0.0,1.0,2
2004,12,3,00-05,50.0,27.0,28.4,30.0,26.0,44
2004,12,3,06-15,161.0,12.1,17.8,0.0,12.0,146
2004,12,3,16-18,61.0,6.3,9.0,0.0,6.0,58
2004,12,3,19-21,78.0,18.8,23.8,33.0,29.0,69
2004,12,3,22-23,35.0,13.5,14.0,18.0,16.0,33
2004,12,4,00-05,59.0,26.0,30.5,19.0,30.0,53
2004,12,4,06-15,163.0,14.7,18.1,0.0,13.0,145
2004,12,4,16-18,63.0,14.0,17.0,0.0,14.0,57
2004,12,4,19-21,64.0,16.2,19.5,23.0,23.0,61
2004,12,4,22-23,46.0,16.6,19.3,26.0,22.0,43
2004,12,5,00-05,72.0,34.5,39.1,37.0,39.0,63
2004,12,5,06-15,146.0,10.1,13.9,0.0,11.0,138
2004,12,5,16-18,78.0,15.4,17.7,0.0,17.0,66
2004,12,5,19-21,78.0,17.7,24.6,32.0,24.0,75
2004,12,5,22-23,41.0,17.6,20.2,23.0,22.0,39
2004,12,5,unk,4.0,1.1,1.1,0.0,2.0,4
2004,12,6,00-05,84.0,52.6,57.2,39.0,52.0,79
2004,12,6,06-15,202.0,23.1,29.8,0.0,25.0,181
2004,12,6,16-18,86.0,14.4,17.9,0.0,15.0,69
2004,12,6,19-21,106.0,37.7,40.6,32.0,35.0,90
2004,12,6,22-23,76.0,28.099999999999998,33.1,42.0,34.0,70
2004,12,6,unk,2.0,1.6,1.7,0.0,1.0,2
2004,12,7,00-05,151.0,91.5,101.9,85.0,98.0,139
2004,12,7,06-15,170.0,29.0,32.3,0.0,26.0,153
2004,12,7,16-18,63.0,14.4,22.7,0.0,20.0,56
2004,12,7,19-21,119.0,46.4,53.8,44.0,52.0,108
2004,12,7,22-23,59.0,22.4,25.7,39.0,31.0,55
2004,12,7,unk,5.0,1.6,1.7,0.0,2.0,5
2004,13,1,00-05,80.0,48.7,55.9,51.0,45.0,75
2004,13,1,06-15,85.0,17.2,20.6,0.0,16.0,76
2004,13,1,16-18,34.0,8.9,10.299999999999999,0.0,8.0,31
2004,13,1,19-21,23.0,9.5,11.8,7.0,13.0,22
2004,13,1,22-23,21.0,7.5,9.2,14.0,7.0,18
2004,13,1,unk,1.0,0.4,0.4,0.0,0.0,1
2004,13,2,00-05,20.0,8.2,8.9,8.0,7.0,20
2004,13,2,06-15,104.0,7.0,10.8,0.0,7.0,95
2004,13,2,16-18,32.0,5.9,6.2,0.0,6.0,30
2004,13,2,19-21,36.0,6.7,8.1,8.0,7.0,30
2004,13,2,22-23,18.0,6.1000000000000005,7.6000000000000005,14.0,8.0,18
2004,13,3,00-05,28.0,13.6,13.8,16.0,10.0,23
2004,13,3,06-15,108.0,10.5,11.3,0.0,11.0,94
2004,13,3,16-18,39.0,7.1,9.8,0.0,7.0,32
2004,13,3,19-21,20.0,4.6,7.6,6.0,7.0,20
2004,13,3,22-23,12.0,3.0,3.0999999999999996,9.0,2.0,12
2004,13,3,unk,2.0,0.2,0.2,0.0,0.0,2
2004,13,4,00-05,19.0,7.9,8.1,12.0,5.0,19
2004,13,4,06-15,112.0,6.1000000000000005,7.1000000000000005,0.0,5.0,101
2004,13,4,16-18,37.0,3.5,3.7,0.0,3.0,32
2004,13,4,19-21,37.0,8.9,11.3,14.0,9.0,35
2004,13,4,22-23,17.0,7.199999999999999,7.3,10.0,5.0,16
2004,13,5,00-05,31.0,16.1,17.1,14.0,13.0,26
2004,13,5,06-15,90.0,2.9,4.7,0.0,3.0,79
2004,13,5,16-18,38.0,5.2,5.8,0.0,3.0,35
2004,13,5,19-21,30.0,7.3999999999999995,10.1,13.0,10.0,27
2004,13,5,22-23,18.0,7.2,7.8,10.0,9.0,15
2004,13,6,00-05,36.0,19.7,20.7,22.0,20.0,34
2004,13,6,06-15,110.0,8.6,11.9,0.0,13.0,96
2004,13,6,16-18,40.0,7.4,8.8,0.0,6.0,38
2004,13,6,19-21,48.0,16.2,17.9,10.0,18.0,38
2004,13,6,22-23,38.0,16.2,19.0,27.0,19.0,33
2004,13,7,00-05,68.0,38.3,44.2,32.0,37.0,61
2004,13,7,06-15,97.0,16.2,21.3,0.0,12.0,88
2004,13,7,16-18,39.0,13.4,15.5,0.0,11.0,33
2004,13,7,19-21,37.0,19.2,21.6,19.0,19.0,30
2004,13,7,22-23,29.0,10.3,12.0,17.0,10.0,28
2004,15,1,00-05,7.0,3.5,4.5,4.0,5.0,7
2004,15,1,06-15,6.0,2.0,2.0,0.0,2.0,6
2004,15,1,19-21,2.0,0.1,0.2,0.0,1.0,2
2004,15,1,22-23,3.0,1.8,2.1,3.0,3.0,3
2004,15,2,00-05,3.0,0.0,0.0,3.0,2.0,3
2004,15,2,06-15,9.0,1.1,2.1,0.0,2.0,9
2004,15,2,16-18,3.0,0.4,0.6,0.0,0.0,3
2004,15,2,19-21,5.0,4.0,4.0,1.0,4.0,3
2004,15,3,00-05,3.0,1.1,1.1,1.0,1.0,3
2004,15,3,06-15,2.0,0.1,0.1,0.0,0.0,2
2004,15,3,19-21,1.0,0.0,0.0,1.0,1.0,1
2004,15,3,22-23,2.0,0.0,0.0,1.0,0.0,2
2004,15,4,00-05,6.0,3.8,3.9000000000000004,3.0,2.0,6
2004,15,4,06-15,11.0,0.2,0.2,0.0,0.0,8
2004,15,4,16-18,6.0,0.4,0.4,0.0,2.0,6
2004,15,4,19-21,2.0,1.0,1.1,2.0,1.0,2
2004,15,4,22-23,1.0,1.0,1.0,1.0,1.0,1
2004,15,5,00-05,3.0,3.0,3.0,3.0,3.0,3
2004,15,5,06-15,9.0,0.0,0.2,0.0,0.0,9
2004,15,5,16-18,4.0,1.0,1.0,0.0,3.0,3
2004,15,5,19-21,2.0,1.0,1.0,2.0,2.0,2
2004,15,5,22-23,1.0,0.0,0.0,1.0,0.0,1
2004,15,6,00-05,10.0,6.4,7.1,1.0,7.0,7
2004,15,6,06-15,13.0,2.1,2.4,0.0,2.0,11
2004,15,6,16-18,3.0,1.1,1.1,0.0,1.0,3
2004,15,6,19-21,4.0,2.3,2.5,2.0,4.0,4
2004,15,6,22-23,1.0,0.2,0.2,1.0,1.0,1
2004,15,6,unk,1.0,0.0,1.0,0.0,1.0,1
2004,15,7,00-05,7.0,4.1,6.1,5.0,6.0,6
2004,15,7,06-15,8.0,0.4,3.1,0.0,3.0,6
2004,15,7,16-18,1.0,0.0,0.0,0.0,0.0,1
2004,15,7,19-21,1.0,1.0,1.0,1.0,1.0,1
2004,15,7,22-23,1.0,0.0,0.0,0.0,0.0,1
2004,15,7,unk,1.0,1.0,1.0,0.0,1.0,1
2004,16,1,00-05,13.0,13.0,13.0,10.0,13.0,12
2004,16,1,06-15,15.0,2.5,2.8000000000000003,0.0,2.0,12
2004,16,1,16-18,8.0,2.4,4.4,0.0,4.0,7
2004,16,1,19-21,7.0,4.2,4.2,1.0,4.0,5
2004,16,1,22-23,3.0,2.2,2.2,3.0,2.0,3
2004,16,2,00-05,7.0,2.3,2.3,4.0,3.0,7
2004,16,2,06-15,13.0,1.0,2.3,0.0,2.0,12
2004,16,2,16-18,3.0,0.3,0.3,0.0,0.0,3
2004,16,2,19-21,5.0,2.0,3.0,2.0,3.0,5
2004,16,2,22-23,5.0,4.0,4.0,5.0,4.0,5
2004,16,2,unk,2.0,1.0,1.0,0.0,2.0,2
2004,16,3,00-05,3.0,3.0,3.0,0.0,3.0,2
2004,16,3,06-15,19.0,0.1,0.1,0.0,0.0,17
2004,16,3,16-18,1.0,0.1,0.1,0.0,0.0,1
2004,16,3,19-21,5.0,2.0,2.0,3.0,2.0,5
2004,16,3,22-23,4.0,1.4,1.5,3.0,2.0,4
2004,16,4,00-05,6.0,1.3,1.5,2.0,1.0,6
2004,16,4,06-15,13.0,0.5,0.8,0.0,0.0,13
2004,16,4,16-18,10.0,2.6,2.6,0.0,2.0,9
2004,16,4,19-21,5.0,2.0,2.0,1.0,2.0,5
2004,16,4,22-23,3.0,0.2,1.2,3.0,1.0,3
2004,16,4,unk,3.0,0.1,0.1,0.0,1.0,3
2004,16,5,00-05,6.0,2.8,2.8,4.0,2.0,6
2004,16,5,06-15,17.0,0.30000000000000004,0.30000000000000004,0.0,0.0,16
2004,16,5,16-18,8.0,1.2000000000000002,2.2,0.0,2.0,8
2004,16,5,19-21,3.0,1.0,1.0,2.0,2.0,3
2004,16,5,unk,1.0,0.2,0.2,0.0,0.0,1
2004,16,6,00-05,8.0,6.0,6.0,6.0,5.0,7
2004,16,6,06-15,11.0,0.2,0.4,0.0,0.0,11
2004,16,6,16-18,2.0,0.0,0.0,0.0,0.0,2
2004,16,6,19-21,5.0,1.4,1.4,1.0,1.0,5
2004,16,6,22-23,3.0,3.0,3.0,3.0,3.0,2
2004,16,7,00-05,9.0,4.3,4.3,4.0,5.0,9
2004,16,7,06-15,18.0,3.5,3.6,0.0,3.0,15
2004,16,7,16-18,10.0,0.30000000000000004,3.1,0.0,3.0,8
2004,16,7,19-21,3.0,1.1,2.1,3.0,2.0,3
2004,16,7,22-23,3.0,2.9,3.0,1.0,3.0,3
2004,17,1,00-05,92.0,74.6,79.8,56.0,84.0,81
2004,17,1,06-15,57.0,13.1,14.5,0.0,18.0,50
2004,17,1,16-18,31.0,10.2,13.1,0.0,11.0,27
2004,17,1,19-21,25.0,13.1,14.3,6.0,19.0,19
2004,17,1,22-23,15.0,7.6,8.7,10.0,9.0,12
2004,17,2,00-05,31.0,23.2,24.4,13.0,23.0,29
2004,17,2,06-15,72.0,3.3,4.6000000000000005,0.0,6.0,68
2004,17,2,16-18,31.0,1.8,3.9,0.0,4.0,26
2004,17,2,19-21,20.0,3.7,4.8,10.0,6.0,20
2004,17,2,22-23,17.0,7.8,9.1,11.0,11.0,16
2004,17,3,00-05,21.0,10.7,12.0,8.0,11.0,19
2004,17,3,06-15,57.0,8.2,11.7,0.0,12.0,54
2004,17,3,16-18,26.0,4.4,4.4,0.0,5.0,26
2004,17,3,19-21,27.0,9.4,10.8,8.0,13.0,26
2004,17,3,22-23,18.0,8.6,11.6,13.0,12.0,16
2004,17,4,00-05,25.0,12.1,13.3,11.0,12.0,23
2004,17,4,06-15,73.0,3.9,9.1,0.0,8.0,70
2004,17,4,16-18,22.0,3.9,6.4,0.0,5.0,20
2004,17,4,19-21,25.0,6.9,9.0,11.0,13.0,25
2004,17,4,22-23,21.0,8.7,10.700000000000001,13.0,10.0,19
2004,17,5,00-05,48.0,27.3,30.4,25.0,34.0,37
2004,17,5,06-15,66.0,3.9000000000000004,8.5,0.0,9.0,60
2004,17,5,16-18,21.0,2.7,4.7,0.0,6.0,18
2004,17,5,19-21,29.0,12.8,13.8,16.0,14.0,28
2004,17,5,22-23,18.0,6.1,10.5,10.0,10.0,15
2004,17,6,00-05,54.0,37.2,38.7,21.0,40.0,48
2004,17,6,06-15,73.0,4.8,10.9,0.0,9.0,68
2004,17,6,16-18,23.0,5.7,7.0,0.0,5.0,20
2004,17,6,19-21,27.0,8.5,9.3,12.0,12.0,27
2004,17,6,22-23,25.0,12.0,14.3,16.0,17.0,24
2004,17,7,00-05,75.0,54.9,63.1,44.0,65.0,67
2004,17,7,06-15,80.0,6.9,10.4,0.0,13.0,71
2004,17,7,16-18,35.0,11.5,14.0,0.0,12.0,31
2004,17,7,19-21,37.0,20.5,22.8,15.0,20.0,29
2004,17,7,22-23,37.0,24.0,25.5,26.0,29.0,34
2004,17,7,unk,1.0,1.0,1.0,0.0,1.0,1
2004,18,1,00-05,43.0,23.8,27.7,24.0,29.0,39
2004,18,1,06-15,44.0,7.5,7.8,0.0,7.0,41
2004,18,1,16-18,20.0,1.9,3.3,0.0,3.0,15
2004,18,1,19-21,25.0,9.4,9.4,13.0,8.0,23
2004,18,1,22-23,7.0,3.8,4.8,5.0,4.0,7
2004,18,1,unk,1.0,1.0,1.0,0.0,1.0,1
2004,18,2,00-05,18.0,8.1,9.1,8.0,8.0,18
2004,18,2,06-15,54.0,5.3,5.3,0.0,5.0,50
2004,18,2,16-18,23.0,2.3,3.3,0.0,3.0,22
2004,18,2,19-21,19.0,5.8,8.8,6.0,8.0,19
2004,18,2,22-23,11.0,4.3,4.4,9.0,4.0,10
2004,18,3,00-05,11.0,3.4,3.4,5.0,3.0,10
2004,18,3,06-15,51.0,3.7,5.7,0.0,5.0,48
2004,18,3,16-18,21.0,1.1,2.4,0.0,1.0,19
2004,18,3,19-21,21.0,8.0,8.2,9.0,8.0,20
2004,18,3,22-23,5.0,3.0,3.0,3.0,4.0,5
2004,18,4,00-05,17.0,4.7,6.0,5.0,6.0,16
2004,18,4,06-15,44.0,1.1,1.2,0.0,1.0,42
2004,18,4,16-18,23.0,1.5,2.7,0.0,2.0,20
2004,18,4,19-21,20.0,6.4,7.6,8.0,8.0,18
2004,18,4,22-23,9.0,4.8,4.8,5.0,4.0,9
2004,18,5,00-05,27.0,11.5,12.8,13.0,15.0,25
2004,18,5,06-15,48.0,4.9,5.3,0.0,5.0,43
2004,18,5,16-18,22.0,3.1,3.1,0.0,3.0,19
2004,18,5,19-21,19.0,1.4000000000000001,1.6,8.0,4.0,18
2004,18,5,22-23,10.0,8.6,8.7,5.0,8.0,7
2004,18,5,unk,1.0,1.0,1.0,0.0,1.0,1
2004,18,6,00-05,25.0,14.9,15.9,18.0,15.0,22
2004,18,6,06-15,70.0,4.1,6.5,0.0,5.0,63
2004,18,6,16-18,25.0,4.3,5.4,0.0,4.0,21
2004,18,6,19-21,25.0,4.3,7.7,6.0,8.0,23
2004,18,6,22-23,15.0,6.0,8.1,12.0,9.0,15
2004,18,7,00-05,46.0,28.9,31.5,37.0,30.0,39
2004,18,7,06-15,53.0,5.3,7.5,0.0,6.0,48
2004,18,7,16-18,30.0,6.7,8.9,0.0,7.0,25
2004,18,7,19-21,28.0,14.0,16.2,16.0,15.0,24
2004,18,7,22-23,15.0,10.4,10.6,6.0,11.0,11
2004,18,7,unk,1.0,0.4,0.4,0.0,0.0,1
2004,19,1,00-05,13.0,7.6,8.9,8.0,9.0,13
2004,19,1,06-15,24.0,3.0,4.2,0.0,3.0,19
2004,19,1,16-18,10.0,2.9,3.1,0.0,2.0,9
2004,19,1,19-21,5.0,2.0,2.2,4.0,2.0,5
2004,19,1,22-23,3.0,0.0,1.0,2.0,1.0,3
2004,19,2,00-05,7.0,3.2,4.3,4.0,4.0,7
2004,19,2,06-15,29.0,0.5,0.5,0.0,0.0,25
2004,19,2,16-18,13.0,1.6,1.6,0.0,1.0,13
2004,19,2,19-21,8.0,1.7,1.8,1.0,1.0,7
2004,19,2,22-23,1.0,1.0,1.0,0.0,1.0,1
2004,19,3,00-05,6.0,3.6,3.8,3.0,3.0,5
2004,19,3,06-15,21.0,0.6000000000000001,0.6000000000000001,0.0,0.0,20
2004,19,3,16-18,8.0,0.4,0.4,0.0,0.0,8
2004,19,3,19-21,2.0,0.2,0.4,1.0,0.0,2
2004,19,3,22-23,2.0,1.0,1.0,1.0,1.0,2
2004,19,4,00-05,9.0,3.6,3.8,8.0,2.0,8
2004,19,4,06-15,25.0,1.5,1.5,0.0,1.0,22
2004,19,4,16-18,14.0,0.7,1.7,0.0,1.0,12
2004,19,4,19-21,6.0,0.1,0.2,2.0,0.0,6
2004,19,4,22-23,1.0,1.0,1.0,1.0,1.0,1
2004,19,5,00-05,8.0,2.6,2.9,5.0,1.0,7
2004,19,5,06-15,23.0,1.3,1.5,0.0,1.0,22
2004,19,5,16-18,4.0,0.0,0.0,0.0,0.0,4
2004,19,5,19-21,6.0,0.4,0.4,2.0,0.0,5
2004,19,5,22-23,7.0,4.6,5.6,3.0,5.0,4
2004,19,6,00-05,10.0,4.7,5.0,6.0,4.0,10
2004,19,6,06-15,27.0,2.4,3.7,0.0,2.0,24
2004,19,6,16-18,9.0,1.2,2.2,0.0,2.0,8
2004,19,6,19-21,9.0,3.3,3.4,2.0,3.0,8
2004,19,6,22-23,6.0,1.4000000000000001,3.5,3.0,3.0,6
2004,19,6,unk,1.0,1.0,1.0,0.0,1.0,1
2004,19,7,00-05,20.0,12.7,15.1,18.0,13.0,18
2004,19,7,06-15,19.0,3.0,3.1,0.0,2.0,18
2004,19,7,16-18,10.0,0.2,0.30000000000000004,0.0,0.0,10
2004,19,7,19-21,11.0,4.8,5.7,6.0,6.0,11
2004,19,7,22-23,10.0,7.0,8.2,6.0,6.0,9
2004,19,7,unk,1.0,0.0,1.0,0.0,1.0,1
2004,20,1,00-05,22.0,16.6,17.6,14.0,19.0,18
2004,20,1,06-15,35.0,3.9,3.9,0.0,4.0,29
2004,20,1,16-18,8.0,0.5,0.6,0.0,0.0,6
2004,20,1,19-21,9.0,4.5,4.5,1.0,4.0,6
2004,20,1,22-23,2.0,1.0,1.0,1.0,1.0,2
2004,20,1,unk,2.0,0.0,2.0,0.0,2.0,1
2004,20,2,00-05,10.0,4.7,4.9,6.0,3.0,9
2004,20,2,06-15,32.0,0.7999999999999999,1.2000000000000002,0.0,0.0,26
2004,20,2,16-18,5.0,0.1,0.1,0.0,0.0,5
2004,20,2,19-21,7.0,4.0,5.0,2.0,5.0,6
2004,20,2,22-23,2.0,0.30000000000000004,0.30000000000000004,2.0,0.0,2
2004,20,3,00-05,4.0,0.6,1.6,2.0,1.0,4
2004,20,3,06-15,24.0,1.3,1.4000000000000001,0.0,3.0,22
2004,20,3,16-18,18.0,0.8,0.8,0.0,1.0,12
2004,20,3,19-21,15.0,3.6,4.8,9.0,4.0,11
2004,20,3,22-23,4.0,3.0,4.0,2.0,4.0,3
2004,20,3,unk,3.0,1.9,2.0,0.0,2.0,3
2004,20,4,00-05,10.0,4.6,5.6,5.0,5.0,9
2004,20,4,06-15,25.0,0.2,0.4,0.0,1.0,21
2004,20,4,16-18,14.0,2.6,2.7,0.0,2.0,11
2004,20,4,19-21,12.0,2.5,4.5,3.0,4.0,11
2004,20,4,22-23,2.0,0.4,0.5,2.0,0.0,2
2004,20,4,unk,2.0,1.1,1.2,0.0,1.0,2
2004,20,5,00-05,3.0,1.2,2.2,2.0,2.0,3
2004,20,5,06-15,22.0,1.8,1.9,0.0,1.0,20
2004,20,5,16-18,11.0,0.8,1.0,0.0,0.0,10
2004,20,5,19-21,8.0,2.3,2.3,2.0,2.0,8
2004,20,5,22-23,4.0,1.1,2.1,4.0,2.0,4
2004,20,5,unk,1.0,0.3,0.3,0.0,0.0,1
2004,20,6,00-05,5.0,4.0,4.0,3.0,4.0,5
2004,20,6,06-15,37.0,6.8,7.0,0.0,6.0,32
2004,20,6,16-18,15.0,4.0,5.0,0.0,6.0,12
2004,20,6,19-21,10.0,6.4,7.5,5.0,8.0,8
2004,20,6,22-23,9.0,7.1,8.1,5.0,9.0,7
2004,20,7,00-05,12.0,6.1,8.3,10.0,9.0,12
2004,20,7,06-15,26.0,2.8000000000000003,4.3,0.0,3.0,25
2004,20,7,16-18,18.0,3.2,3.2,0.0,10.0,12
2004,20,7,19-21,4.0,0.3,2.4,0.0,2.0,3
2004,20,7,22-23,4.0,2.7,2.7,3.0,2.0,4
2004,20,7,unk,3.0,3.0,3.0,0.0,3.0,3
2004,21,1,00-05,38.0,24.7,30.2,22.0,30.0,30
2004,21,1,06-15,56.0,10.1,11.8,0.0,11.0,47
2004,21,1,16-18,22.0,5.0,6.1,0.0,6.0,20
2004,21,1,19-21,33.0,12.4,14.799999999999999,13.0,16.0,28
2004,21,1,22-23,7.0,3.3,3.3,5.0,3.0,7
2004,21,2,00-05,12.0,4.300000000000001,4.300000000000001,8.0,2.0,10
2004,21,2,06-15,62.0,6.5,6.7,0.0,8.0,56
2004,21,2,16-18,30.0,2.4,3.1,0.0,3.0,22
2004,21,2,19-21,13.0,2.6,2.6,3.0,6.0,10
2004,21,2,22-23,12.0,2.5,2.9,7.0,3.0,8
2004,21,3,00-05,19.0,6.0,6.4,9.0,9.0,18
2004,21,3,06-15,64.0,5.3,7.5,0.0,8.0,57
2004,21,3,16-18,24.0,2.6,3.0,0.0,1.0,21
2004,21,3,19-21,12.0,2.6,2.7,6.0,3.0,12
2004,21,3,22-23,7.0,3.9,4.1,4.0,4.0,6
2004,21,4,00-05,21.0,7.8,9.9,8.0,9.0,18
2004,21,4,06-15,57.0,4.6000000000000005,4.9,0.0,4.0,52
2004,21,4,16-18,26.0,7.0,7.4,0.0,9.0,22
2004,21,4,19-21,13.0,2.3,2.4,3.0,3.0,13
2004,21,4,22-23,11.0,7.1,7.1,5.0,9.0,10
2004,21,5,00-05,9.0,7.0,7.0,3.0,7.0,8
2004,21,5,06-15,54.0,4.3,5.1,0.0,3.0,53
2004,21,5,16-18,26.0,4.9,4.9,0.0,7.0,26
2004,21,5,19-21,19.0,8.9,9.4,8.0,8.0,18
2004,21,5,22-23,9.0,2.9,3.2,6.0,3.0,8
2004,21,6,00-05,19.0,8.8,9.5,9.0,10.0,16
2004,21,6,06-15,61.0,7.9,8.1,0.0,7.0,58
2004,21,6,16-18,25.0,2.7,5.3,0.0,5.0,23
2004,21,6,19-21,27.0,9.8,10.4,8.0,10.0,25
2004,21,6,22-23,13.0,7.0,9.1,9.0,10.0,12
2004,21,7,00-05,34.0,23.6,25.2,22.0,25.0,30
2004,21,7,06-15,58.0,10.1,11.7,0.0,10.0,47
2004,21,7,16-18,29.0,11.7,13.9,0.0,15.0,24
2004,21,7,19-21,29.0,14.9,15.200000000000001,13.0,15.0,27
2004,21,7,22-23,13.0,8.8,10.8,10.0,10.0,12
2004,22,1,00-05,45.0,26.2,31.8,24.0,25.0,39
2004,22,1,06-15,45.0,11.1,14.9,0.0,12.0,39
2004,22,1,16-18,24.0,9.0,10.1,0.0,6.0,23
2004,22,1,19-21,16.0,5.8,8.3,6.0,8.0,16
2004,22,1,22-23,11.0,6.1,6.1,10.0,4.0,10
2004,22,1,unk,1.0,0.4,0.4,0.0,0.0,1
2004,22,2,00-05,13.0,5.2,8.4,7.0,8.0,13
2004,22,2,06-15,53.0,8.200000000000001,10.5,0.0,10.0,49
2004,22,2,16-18,21.0,5.7,6.5,0.0,6.0,18
2004,22,2,19-21,12.0,5.1000000000000005,5.3,3.0,2.0,9
2004,22,2,22-23,13.0,9.8,10.0,6.0,6.0,9
2004,22,2,unk,3.0,0.6,0.7,0.0,0.0,3
2004,22,3,00-05,19.0,11.1,14.8,12.0,11.0,15
2004,22,3,06-15,45.0,3.5,5.8,0.0,3.0,41
2004,22,3,16-18,20.0,3.5,6.5,0.0,6.0,18
2004,22,3,19-21,15.0,4.7,7.8,11.0,7.0,14
2004,22,3,22-23,11.0,4.1,7.4,4.0,6.0,10
2004,22,3,unk,1.0,0.6,0.8,0.0,1.0,1
2004,22,4,00-05,21.0,14.3,14.6,11.0,11.0,20
2004,22,4,06-15,34.0,4.5,5.9,0.0,5.0,31
2004,22,4,16-18,21.0,7.0,7.9,0.0,5.0,19
2004,22,4,19-21,16.0,8.9,9.6,10.0,7.0,13
2004,22,4,22-23,6.0,1.5999999999999999,3.3,2.0,4.0,5
2004,22,4,unk,1.0,0.6,0.6,0.0,0.0,1
2004,22,5,00-05,25.0,13.5,15.6,10.0,10.0,24
2004,22,5,06-15,44.0,4.3,4.7,0.0,4.0,39
2004,22,5,16-18,21.0,4.3999999999999995,5.5,0.0,4.0,21
2004,22,5,19-21,16.0,6.6,7.9,8.0,6.0,14
2004,22,5,22-23,9.0,2.9,3.1,7.0,2.0,9
2004,22,5,unk,1.0,0.9,1.0,0.0,1.0,1
2004,22,6,00-05,29.0,16.5,19.4,12.0,17.0,26
2004,22,6,06-15,51.0,2.1,4.5,0.0,2.0,48
2004,22,6,16-18,24.0,4.5,8.7,0.0,8.0,20
2004,22,6,19-21,20.0,8.0,10.0,8.0,8.0,15
2004,22,6,22-23,17.0,6.8,8.0,9.0,6.0,16
2004,22,6,unk,2.0,1.4,1.5,0.0,0.0,2
2004,22,7,00-05,60.0,37.7,41.8,32.0,36.0,51
2004,22,7,06-15,56.0,11.3,13.5,0.0,11.0,50
2004,22,7,16-18,30.0,9.3,12.2,0.0,11.0,25
2004,22,7,19-21,27.0,10.6,14.8,12.0,17.0,24
2004,22,7,22-23,27.0,16.8,18.9,17.0,15.0,23
2004,22,7,unk,1.0,0.0,0.0,0.0,0.0,1
2004,23,1,00-05,6.0,5.0,6.0,6.0,6.0,6
2004,23,1,06-15,14.0,1.1,2.1,0.0,2.0,8
2004,23,1,16-18,3.0,0.0,0.0,0.0,0.0,3
2004,23,1,19-21,5.0,2.5,2.7,2.0,2.0,5
2004,23,1,22-23,1.0,0.8,0.9,1.0,1.0,1
2004,23,2,00-05,3.0,1.0,1.0,2.0,1.0,3
2004,23,2,06-15,10.0,0.4,0.5,0.0,0.0,9
2004,23,2,16-18,6.0,0.0,0.0,0.0,0.0,5
2004,23,2,19-21,6.0,6.0,6.0,2.0,6.0,5
2004,23,2,22-23,2.0,1.0,1.0,2.0,1.0,2
2004,23,3,00-05,3.0,0.0,0.0,1.0,0.0,3
2004,23,3,06-15,11.0,1.1,1.1,0.0,1.0,11
2004,23,3,16-18,6.0,2.0,3.0,0.0,3.0,6
2004,23,3,19-21,1.0,0.2,0.2,1.0,0.0,1
2004,23,3,22-23,1.0,0.0,0.0,1.0,0.0,1
2004,23,4,06-15,12.0,0.5,0.5,0.0,0.0,12
2004,23,4,16-18,6.0,3.0,3.0,0.0,3.0,5
2004,23,4,19-21,6.0,0.3,0.4,3.0,1.0,6
2004,23,4,22-23,2.0,1.0,1.0,1.0,1.0,2
2004,23,5,00-05,3.0,1.0,1.0,2.0,1.0,3
2004,23,5,06-15,11.0,0.1,0.1,0.0,0.0,10
2004,23,5,16-18,3.0,0.2,0.2,0.0,0.0,2
2004,23,5,19-21,4.0,2.0,2.1,2.0,2.0,4
2004,23,5,22-23,2.0,2.0,2.0,2.0,2.0,2
2004,23,6,00-05,4.0,3.0,3.0,3.0,3.0,4
2004,23,6,06-15,13.0,0.0,1.0,0.0,1.0,11
2004,23,6,16-18,7.0,1.2,3.3,0.0,3.0,7
2004,23,6,19-21,4.0,3.1,3.1,1.0,3.0,4
2004,23,6,22-23,6.0,3.0,4.1,6.0,4.0,6
2004,23,6,unk,1.0,0.0,0.0,0.0,0.0,1
2004,23,7,00-05,11.0,9.0,9.0,11.0,11.0,10
2004,23,7,06-15,9.0,0.4,0.6,0.0,0.0,9
2004,23,7,16-18,4.0,1.5,3.7,0.0,4.0,4
2004,23,7,19-21,8.0,5.0,6.0,1.0,6.0,7
2004,24,1,00-05,46.0,35.0,36.2,31.0,37.0,37
2004,24,1,06-15,28.0,2.4,2.6,0.0,3.0,27
2004,24,1,16-18,13.0,6.0,8.0,0.0,8.0,10
2004,24,1,19-21,16.0,5.2,8.5,6.0,10.0,15
2004,24,1,22-23,9.0,3.2,4.2,6.0,4.0,9
2004,24,2,00-05,11.0,5.4,5.5,6.0,6.0,10
2004,24,2,06-15,34.0,1.4000000000000001,2.4,0.0,3.0,29
2004,24,2,16-18,8.0,2.1,2.1,0.0,3.0,8
2004,24,2,19-21,10.0,0.1,0.2,5.0,1.0,8
2004,24,2,22-23,13.0,5.6,5.8,7.0,8.0,10
2004,24,3,00-05,15.0,5.9,7.0,6.0,8.0,14
2004,24,3,06-15,41.0,2.9,7.3,0.0,8.0,35
2004,24,3,16-18,15.0,2.1,5.1,0.0,7.0,13
2004,24,3,19-21,13.0,4.6,7.7,5.0,8.0,11
2004,24,3,22-23,10.0,6.4,6.4,4.0,6.0,9
2004,24,4,00-05,9.0,4.3,4.4,5.0,4.0,9
2004,24,4,06-15,34.0,2.7,3.9,0.0,5.0,33
2004,24,4,16-18,10.0,0.5,1.6,0.0,2.0,8
2004,24,4,19-21,13.0,3.7,9.1,2.0,9.0,9
2004,24,4,22-23,4.0,1.0,2.0,1.0,2.0,4
2004,24,5,00-05,15.0,9.3,13.0,9.0,13.0,13
2004,24,5,06-15,24.0,0.5,0.6,0.0,1.0,23
2004,24,5,16-18,10.0,1.4,1.5,0.0,1.0,10
2004,24,5,19-21,10.0,3.0,3.0,4.0,2.0,10
2004,24,5,22-23,13.0,8.4,8.4,7.0,7.0,13
2004,24,6,00-05,29.0,19.3,20.1,19.0,19.0,25
2004,24,6,06-15,31.0,4.5,5.6,0.0,6.0,26
2004,24,6,16-18,14.0,1.9,3.1,0.0,3.0,14
2004,24,6,19-21,19.0,8.5,10.5,9.0,12.0,17
2004,24,6,22-23,12.0,6.8,8.0,8.0,9.0,11
2004,24,7,00-05,40.0,25.4,30.3,33.0,30.0,36
2004,24,7,06-15,36.0,6.6,6.8,0.0,8.0,34
2004,24,7,16-18,13.0,2.4,3.5,0.0,3.0,12
2004,24,7,19-21,15.0,3.2,3.2,6.0,7.0,15
2004,24,7,22-23,10.0,8.9,9.0,7.0,9.0,9
2004,25,1,00-05,20.0,14.0,14.9,12.0,12.0,20
2004,25,1,06-15,22.0,3.2,3.5999999999999996,0.0,1.0,20
2004,25,1,16-18,7.0,2.7,3.0,0.0,2.0,6
2004,25,1,19-21,7.0,3.7,4.5,3.0,3.0,6
2004,25,1,22-23,4.0,2.0,2.1,3.0,0.0,4
2004,25,2,00-05,17.0,10.9,11.5,10.0,6.0,17
2004,25,2,06-15,32.0,1.2000000000000002,1.7,0.0,0.0,31
2004,25,2,16-18,13.0,3.1,3.6,0.0,2.0,12
2004,25,2,19-21,5.0,1.7999999999999998,2.0,3.0,1.0,5
2004,25,2,22-23,1.0,0.4,0.4,1.0,0.0,1
2004,25,2,unk,1.0,0.2,0.2,0.0,0.0,1
2004,25,3,00-05,12.0,7.4,9.0,7.0,4.0,12
2004,25,3,06-15,21.0,2.0,3.3,0.0,1.0,17
2004,25,3,16-18,10.0,1.5,1.9000000000000001,0.0,1.0,10
2004,25,3,19-21,8.0,2.7,2.8,3.0,2.0,8
2004,25,3,22-23,4.0,2.6,2.9,3.0,3.0,4
2004,25,4,00-05,19.0,10.9,12.9,10.0,7.0,18
2004,25,4,06-15,21.0,2.4,2.9,0.0,0.0,20
2004,25,4,16-18,14.0,1.7000000000000002,1.8,0.0,0.0,12
2004,25,4,19-21,6.0,2.7,2.9,2.0,3.0,6
2004,25,4,22-23,1.0,0.4,0.6,1.0,1.0,1
2004,25,5,00-05,11.0,4.6,5.0,2.0,4.0,11
2004,25,5,06-15,21.0,2.4,2.4,0.0,1.0,20
2004,25,5,16-18,9.0,3.3,3.8000000000000003,0.0,2.0,9
2004,25,5,19-21,10.0,4.4,4.7,8.0,0.0,10
2004,25,5,22-23,5.0,3.3,3.6,5.0,2.0,5
2004,25,6,00-05,14.0,9.3,9.4,5.0,7.0,13
2004,25,6,06-15,27.0,2.9,3.5,0.0,1.0,27
2004,25,6,16-18,9.0,4.0,4.6,0.0,3.0,9
2004,25,6,19-21,24.0,12.9,13.6,8.0,10.0,18
2004,25,6,22-23,6.0,2.6,2.7,2.0,3.0,6
2004,25,6,unk,1.0,0.4,0.4,0.0,0.0,1
2004,25,7,00-05,29.0,18.9,21.0,19.0,12.0,29
2004,25,7,06-15,27.0,5.800000000000001,6.2,0.0,4.0,25
2004,25,7,16-18,12.0,3.0,4.6,0.0,1.0,12
2004,25,7,19-21,16.0,6.8,7.3,9.0,6.0,13
2004,25,7,22-23,9.0,6.3,6.4,6.0,6.0,7
2004,25,7,unk,1.0,0.8,1.0,0.0,1.0,1
2004,26,1,00-05,53.0,35.7,42.1,36.0,42.0,49
2004,26,1,06-15,47.0,6.5,7.8,0.0,7.0,42
2004,26,1,16-18,29.0,9.2,9.7,0.0,10.0,27
2004,26,1,19-21,19.0,5.0,6.4,6.0,8.0,18
2004,26,1,22-23,9.0,4.7,5.2,5.0,4.0,9
2004,26,1,unk,2.0,1.9,1.9,0.0,2.0,2
2004,26,2,00-05,21.0,11.9,12.7,11.0,9.0,20
2004,26,2,06-15,62.0,3.9,6.2,0.0,7.0,54
2004,26,2,16-18,22.0,3.9000000000000004,5.1,0.0,4.0,20
2004,26,2,19-21,31.0,10.1,12.2,9.0,11.0,30
2004,26,2,22-23,10.0,5.1,5.1,5.0,7.0,8
2004,26,3,00-05,25.0,8.3,9.8,10.0,9.0,21
2004,26,3,06-15,77.0,4.8,7.3999999999999995,0.0,7.0,70
2004,26,3,16-18,26.0,6.0,10.8,0.0,10.0,24
2004,26,3,19-21,17.0,5.0,5.1,9.0,5.0,16
2004,26,3,22-23,21.0,7.1,7.3,16.0,9.0,18
2004,26,3,unk,2.0,0.0,0.0,0.0,0.0,2
2004,26,4,00-05,15.0,8.3,8.5,12.0,9.0,14
2004,26,4,06-15,73.0,3.3000000000000003,6.6,0.0,5.0,70
2004,26,4,16-18,27.0,4.2,4.2,0.0,5.0,26
2004,26,4,19-21,21.0,2.2,2.3,7.0,4.0,18
2004,26,4,22-23,8.0,5.4,5.5,7.0,6.0,8
2004,26,4,unk,3.0,2.0,2.1,0.0,2.0,3
2004,26,5,00-05,23.0,14.1,18.4,13.0,18.0,20
2004,26,5,06-15,65.0,11.0,12.3,0.0,11.0,62
2004,26,5,16-18,25.0,5.3,7.5,0.0,12.0,22
2004,26,5,19-21,16.0,4.3,4.6,7.0,7.0,16
2004,26,5,22-23,17.0,12.0,13.1,7.0,14.0,15
2004,26,5,unk,1.0,0.9,0.9,0.0,0.0,1
2004,26,6,00-05,26.0,17.8,19.0,18.0,21.0,24
2004,26,6,06-15,73.0,3.0,5.4,0.0,3.0,65
2004,26,6,16-18,31.0,4.7,4.8,0.0,4.0,28
2004,26,6,19-21,21.0,7.3,7.7,8.0,9.0,19
2004,26,6,22-23,22.0,7.8999999999999995,7.8999999999999995,11.0,7.0,21
2004,26,6,unk,3.0,3.0,3.0,0.0,3.0,2
2004,26,7,00-05,53.0,31.3,34.5,34.0,30.0,49
2004,26,7,06-15,74.0,14.1,18.5,0.0,17.0,65
2004,26,7,16-18,25.0,6.5,7.9,0.0,7.0,22
2004,26,7,19-21,34.0,15.8,15.9,8.0,17.0,28
2004,26,7,22-23,28.0,15.0,20.5,15.0,20.0,25
2004,26,7,unk,2.0,2.0,2.0,0.0,2.0,2
2004,27,1,00-05,23.0,21.2,22.2,16.0,23.0,21
2004,27,1,06-15,21.0,2.2,3.2,0.0,4.0,21
2004,27,1,16-18,20.0,3.4,3.4,0.0,3.0,18
2004,27,1,19-21,11.0,6.0,6.0,1.0,6.0,8
2004,27,1,22-23,3.0,1.0,2.0,2.0,2.0,3
2004,27,2,00-05,6.0,2.3,2.3,6.0,2.0,5
2004,27,2,06-15,42.0,1.7999999999999998,3.1,0.0,5.0,37
2004,27,2,16-18,21.0,6.3,9.3,0.0,9.0,16
2004,27,2,19-21,8.0,2.2,2.2,3.0,3.0,8
2004,27,2,22-23,1.0,0.7,0.8,1.0,0.0,1
2004,27,3,00-05,9.0,5.0,6.0,5.0,6.0,9
2004,27,3,06-15,40.0,1.0,2.2,0.0,1.0,37
2004,27,3,16-18,9.0,2.0,3.0,0.0,3.0,8
2004,27,3,19-21,15.0,9.1,9.6,10.0,9.0,15
2004,27,3,22-23,3.0,2.0,2.0,2.0,2.0,3
2004,27,4,00-05,8.0,2.7,2.9,4.0,2.0,8
2004,27,4,06-15,35.0,0.0,1.3,0.0,2.0,31
2004,27,4,16-18,7.0,2.0,2.0,0.0,2.0,6
2004,27,4,19-21,10.0,3.0,4.1,3.0,4.0,10
2004,27,4,22-23,3.0,1.0,1.0,3.0,1.0,3
2004,27,5,00-05,13.0,9.0,9.0,10.0,10.0,11
2004,27,5,06-15,33.0,1.1,1.2,0.0,1.0,31
2004,27,5,16-18,15.0,1.1,2.1,0.0,3.0,13
2004,27,5,19-21,6.0,3.4,3.4,2.0,3.0,6
2004,27,5,22-23,9.0,6.2,6.4,6.0,7.0,7
2004,27,5,unk,1.0,1.0,1.0,0.0,1.0,1
2004,27,6,00-05,8.0,5.0,5.1,6.0,4.0,8
2004,27,6,06-15,38.0,3.5,3.7,0.0,4.0,36
2004,27,6,16-18,19.0,2.0,2.7,0.0,3.0,17
2004,27,6,19-21,13.0,5.1,5.1,3.0,5.0,12
2004,27,6,22-23,9.0,6.3,6.3,6.0,6.0,8
2004,27,7,00-05,22.0,15.0,17.3,15.0,18.0,21
2004,27,7,06-15,40.0,4.4,5.4,0.0,6.0,38
2004,27,7,16-18,17.0,4.0,6.2,0.0,6.0,16
2004,27,7,19-21,14.0,5.6,6.7,4.0,7.0,14
2004,27,7,22-23,14.0,8.4,9.4,9.0,9.0,12
2004,27,7,unk,1.0,0.0,0.0,0.0,0.0,1
2004,28,1,00-05,44.0,30.1,31.2,28.0,25.0,38
2004,28,1,06-15,49.0,12.6,13.3,0.0,5.0,43
2004,28,1,16-18,26.0,10.0,11.6,0.0,6.0,22
2004,28,1,19-21,27.0,14.6,15.5,7.0,6.0,20
2004,28,1,22-23,6.0,1.8,1.8,1.0,3.0,3
2004,28,2,00-05,13.0,7.6,7.7,7.0,5.0,13
2004,28,2,06-15,59.0,8.5,9.3,0.0,1.0,52
2004,28,2,16-18,29.0,6.1,7.4,0.0,2.0,25
2004,28,2,19-21,16.0,4.7,5.4,6.0,1.0,13
2004,28,2,22-23,8.0,3.9,3.9,6.0,2.0,7
2004,28,3,00-05,12.0,9.0,9.2,6.0,7.0,10
2004,28,3,06-15,42.0,6.7,7.8,0.0,3.0,38
2004,28,3,16-18,24.0,5.6000000000000005,6.6000000000000005,0.0,1.0,17
2004,28,3,19-21,13.0,2.8,2.8,3.0,1.0,12
2004,28,3,22-23,4.0,1.9,1.9,3.0,1.0,4
2004,28,4,00-05,17.0,10.1,10.3,10.0,7.0,12
2004,28,4,06-15,42.0,4.7,8.4,0.0,5.0,37
2004,28,4,16-18,18.0,3.1,4.2,0.0,1.0,15
2004,28,4,19-21,13.0,3.7,4.3,6.0,2.0,13
2004,28,4,22-23,4.0,1.0,1.0,3.0,1.0,3
2004,28,5,00-05,11.0,6.9,7.1,4.0,5.0,11
2004,28,5,06-15,49.0,6.4,6.8,0.0,1.0,44
2004,28,5,16-18,21.0,4.1,4.6,0.0,0.0,18
2004,28,5,19-21,18.0,6.4,6.8,6.0,5.0,17
2004,28,5,22-23,8.0,4.8,5.0,7.0,4.0,8
2004,28,6,00-05,20.0,14.2,14.5,16.0,12.0,20
2004,28,6,06-15,60.0,9.1,10.4,0.0,3.0,57
2004,28,6,16-18,29.0,9.7,11.1,0.0,7.0,27
2004,28,6,19-21,25.0,10.3,11.1,5.0,8.0,21
2004,28,6,22-23,15.0,5.9,6.5,7.0,3.0,10
2004,28,7,00-05,52.0,40.9,42.3,29.0,36.0,47
2004,28,7,06-15,58.0,11.8,12.5,0.0,4.0,52
2004,28,7,16-18,14.0,5.6,6.1,0.0,1.0,14
2004,28,7,19-21,34.0,15.1,15.6,15.0,7.0,28
2004,28,7,22-23,20.0,12.6,13.0,13.0,8.0,15
2004,29,1,00-05,59.0,39.5,42.5,41.0,41.0,53
2004,29,1,06-15,56.0,5.6,8.2,0.0,7.0,49
2004,29,1,16-18,36.0,13.5,15.600000000000001,0.0,13.0,28
2004,29,1,19-21,22.0,7.8,8.2,7.0,7.0,18
2004,29,1,22-23,13.0,6.7,6.7,10.0,5.0,11
2004,29,1,unk,2.0,2.0,2.0,0.0,2.0,2
2004,29,2,00-05,15.0,9.0,11.2,10.0,9.0,15
2004,29,2,06-15,60.0,7.2,9.7,0.0,8.0,59
2004,29,2,16-18,17.0,4.1,6.1,0.0,5.0,17
2004,29,2,19-21,20.0,6.7,7.8,4.0,6.0,17
2004,29,2,22-23,15.0,7.5,7.5,10.0,7.0,13
2004,29,2,unk,2.0,1.0,2.0,0.0,2.0,2
2004,29,3,00-05,17.0,10.4,12.4,9.0,12.0,15
2004,29,3,06-15,56.0,5.5,6.7,0.0,7.0,48
2004,29,3,16-18,17.0,2.3,3.5,0.0,1.0,17
2004,29,3,19-21,17.0,6.9,8.0,9.0,8.0,16
2004,29,3,22-23,10.0,3.2,3.3,9.0,4.0,7
2004,29,3,unk,1.0,0.4,0.4,0.0,1.0,1
2004,29,4,00-05,20.0,11.2,12.4,14.0,13.0,20
2004,29,4,06-15,70.0,6.9,11.2,0.0,8.0,62
2004,29,4,16-18,35.0,7.9,9.7,0.0,8.0,31
2004,29,4,19-21,16.0,6.4,9.4,12.0,9.0,15
2004,29,4,22-23,20.0,10.2,11.9,15.0,13.0,19
2004,29,5,00-05,27.0,9.4,12.1,11.0,11.0,25
2004,29,5,06-15,58.0,6.2,7.3,0.0,7.0,52
2004,29,5,16-18,30.0,8.2,9.6,0.0,7.0,26
2004,29,5,19-21,16.0,5.9,7.1,4.0,7.0,15
2004,29,5,22-23,12.0,5.4,5.6,8.0,9.0,10
2004,29,6,00-05,29.0,16.3,19.1,19.0,19.0,26
2004,29,6,06-15,61.0,8.5,9.1,0.0,6.0,57
2004,29,6,16-18,49.0,12.0,12.8,0.0,8.0,42
2004,29,6,19-21,28.0,10.5,12.2,7.0,15.0,23
2004,29,6,22-23,24.0,13.8,14.6,17.0,18.0,22
2004,29,6,unk,1.0,0.1,0.1,0.0,0.0,1
2004,29,7,00-05,54.0,31.900000000000002,36.8,30.0,38.0,50
2004,29,7,06-15,73.0,12.5,14.8,0.0,10.0,59
2004,29,7,16-18,19.0,7.9,9.3,0.0,6.0,18
2004,29,7,19-21,21.0,13.6,16.0,12.0,18.0,19
2004,29,7,22-23,30.0,24.5,25.0,17.0,25.0,24
2004,29,7,unk,2.0,2.0,2.0,0.0,2.0,2
2004,30,1,00-05,6.0,5.6,5.9,1.0,5.0,6
2004,30,1,06-15,8.0,2.7,2.8,0.0,3.0,7
2004,30,1,16-18,8.0,2.0,2.0,0.0,3.0,8
2004,30,1,19-21,5.0,4.0,4.0,4.0,4.0,4
2004,30,1,22-23,3.0,1.0,1.0,3.0,1.0,3
2004,30,2,00-05,3.0,3.0,3.0,3.0,3.0,3
2004,30,2,06-15,8.0,0.2,0.30000000000000004,0.0,2.0,7
2004,30,2,16-18,3.0,0.1,0.1,0.0,0.0,3
2004,30,2,19-21,6.0,2.0,2.0,4.0,3.0,6
2004,30,2,22-23,1.0,1.0,1.0,1.0,1.0,1
2004,30,3,00-05,2.0,1.0,1.0,0.0,1.0,2
2004,30,3,06-15,8.0,0.1,0.1,0.0,0.0,8
2004,30,3,16-18,12.0,5.8,5.8,0.0,6.0,10
2004,30,3,19-21,3.0,1.0,1.0,2.0,1.0,3
2004,30,4,00-05,5.0,5.0,5.0,5.0,5.0,5
2004,30,4,06-15,14.0,0.4,0.4,0.0,0.0,14
2004,30,4,16-18,4.0,0.3,1.4,0.0,1.0,4
2004,30,4,19-21,3.0,1.0,1.2,3.0,1.0,2
2004,30,4,22-23,6.0,3.8,3.9,5.0,5.0,6
2004,30,5,00-05,7.0,5.0,5.0,5.0,5.0,6
2004,30,5,06-15,11.0,3.0,3.0,0.0,3.0,10
2004,30,5,16-18,7.0,1.0,2.0,0.0,2.0,6
2004,30,5,19-21,5.0,2.1,2.2,3.0,2.0,5
2004,30,5,22-23,3.0,2.0,2.0,1.0,2.0,2
2004,30,6,00-05,4.0,2.0,2.0,4.0,2.0,4
2004,30,6,06-15,10.0,2.2,2.2,0.0,2.0,10
2004,30,6,16-18,7.0,3.4,3.5,0.0,5.0,7
2004,30,6,19-21,12.0,8.1,8.1,4.0,8.0,10
2004,30,6,22-23,6.0,3.7,3.7,6.0,4.0,6
2004,30,6,unk,1.0,1.0,1.0,0.0,1.0,1
2004,30,7,00-05,14.0,11.8,13.3,11.0,13.0,12
2004,30,7,06-15,20.0,5.2,5.2,0.0,6.0,15
2004,30,7,16-18,7.0,0.7999999999999999,2.1,0.0,2.0,7
2004,30,7,19-21,3.0,2.0,2.0,2.0,2.0,3
2004,30,7,22-23,4.0,4.0,4.0,4.0,4.0,3
2004,31,1,00-05,19.0,14.4,14.5,13.0,15.0,15
2004,31,1,06-15,18.0,2.1,3.1,0.0,3.0,14
2004,31,1,16-18,9.0,1.0,1.0,0.0,1.0,7
2004,31,1,19-21,5.0,1.0,1.0,2.0,1.0,5
2004,31,1,22-23,2.0,1.0,1.0,2.0,1.0,2
2004,31,2,00-05,5.0,3.2,3.2,4.0,3.0,5
2004,31,2,06-15,26.0,3.7,3.8000000000000003,0.0,3.0,24
2004,31,2,16-18,6.0,2.0,2.0,0.0,2.0,5
2004,31,2,19-21,3.0,1.0,1.1,1.0,1.0,3
2004,31,2,22-23,4.0,4.0,4.0,4.0,4.0,4
2004,31,2,unk,1.0,1.0,1.0,0.0,1.0,1
2004,31,3,00-05,3.0,1.0,2.0,2.0,2.0,3
2004,31,3,06-15,8.0,1.0,2.0,0.0,2.0,8
2004,31,3,16-18,4.0,0.0,0.0,0.0,0.0,4
2004,31,3,19-21,3.0,0.0,0.0,1.0,0.0,2
2004,31,3,22-23,2.0,1.0,1.0,1.0,1.0,2
2004,31,4,00-05,4.0,3.0,3.0,3.0,3.0,4
2004,31,4,06-15,12.0,0.0,0.0,0.0,0.0,9
2004,31,4,16-18,6.0,0.0,0.0,0.0,0.0,5
2004,31,4,19-21,4.0,0.0,0.0,2.0,0.0,4
2004,31,4,22-23,4.0,3.0,3.0,3.0,3.0,3
2004,31,5,00-05,2.0,2.0,2.0,2.0,2.0,2
2004,31,5,06-15,12.0,1.2,1.2,0.0,1.0,11
2004,31,5,16-18,7.0,0.0,0.0,0.0,0.0,7
2004,31,5,19-21,5.0,2.2,2.2,3.0,2.0,5
2004,31,5,22-23,3.0,1.0,2.0,1.0,2.0,3
2004,31,6,00-05,4.0,2.0,2.0,3.0,2.0,4
2004,31,6,06-15,14.0,0.2,2.2,0.0,2.0,14
2004,31,6,16-18,4.0,0.0,1.0,0.0,1.0,4
2004,31,6,19-21,4.0,1.3,1.4,1.0,2.0,4
2004,31,6,22-23,7.0,4.4,4.4,5.0,4.0,6
2004,31,6,unk,5.0,5.0,5.0,0.0,5.0,5
2004,31,7,00-05,9.0,6.0,9.0,5.0,9.0,7
2004,31,7,06-15,16.0,2.1,3.0,0.0,3.0,16
2004,31,7,16-18,4.0,0.0,0.0,0.0,0.0,3
2004,31,7,19-21,2.0,2.0,2.0,1.0,2.0,2
2004,31,7,22-23,4.0,2.5,3.6,4.0,4.0,3
2004,31,7,unk,4.0,1.4,2.4,0.0,2.0,4
2004,32,1,00-05,23.0,12.8,13.8,9.0,16.0,19
2004,32,1,06-15,19.0,3.0,3.1,0.0,2.0,18
2004,32,1,16-18,6.0,2.0,2.3,0.0,3.0,6
2004,32,1,19-21,7.0,0.30000000000000004,0.30000000000000004,3.0,1.0,7
2004,32,1,22-23,6.0,1.3,1.4,5.0,3.0,6
2004,32,2,00-05,3.0,1.1,2.1,2.0,3.0,3
2004,32,2,06-15,23.0,4.3,4.3,0.0,4.0,20
2004,32,2,16-18,10.0,2.5,2.6,0.0,3.0,10
2004,32,2,19-21,4.0,0.6,0.6,2.0,2.0,4
2004,32,2,22-23,2.0,0.0,0.0,2.0,0.0,2
2004,32,3,00-05,16.0,6.7,7.8,4.0,7.0,13
2004,32,3,06-15,27.0,2.5,2.8,0.0,1.0,26
2004,32,3,16-18,9.0,0.5,1.5,0.0,2.0,8
2004,32,3,19-21,4.0,2.0,2.1,1.0,3.0,4
2004,32,3,22-23,10.0,2.3,2.4000000000000004,5.0,3.0,9
2004,32,4,00-05,5.0,2.2,2.3,3.0,2.0,5
2004,32,4,06-15,7.0,0.1,0.2,0.0,0.0,7
2004,32,4,16-18,14.0,5.0,6.0,0.0,6.0,12
2004,32,4,19-21,10.0,2.6,3.6,5.0,5.0,9
2004,32,4,22-23,3.0,1.1,1.1,2.0,1.0,3
2004,32,5,00-05,4.0,2.4,2.4,1.0,2.0,4
2004,32,5,06-15,19.0,0.6000000000000001,0.8,0.0,0.0,18
2004,32,5,16-18,10.0,2.2,3.2,0.0,2.0,10
2004,32,5,19-21,7.0,2.3,2.5,3.0,3.0,6
2004,32,5,22-23,4.0,2.5,2.9,1.0,2.0,4
2004,32,6,00-05,8.0,4.5,4.5,4.0,5.0,7
2004,32,6,06-15,20.0,5.3,6.7,0.0,6.0,18
2004,32,6,16-18,12.0,1.4,3.6,0.0,3.0,10
2004,32,6,19-21,11.0,5.2,5.2,6.0,6.0,11
2004,32,6,22-23,7.0,2.5,3.5,6.0,4.0,7
2004,32,7,00-05,23.0,13.9,14.9,15.0,15.0,22
2004,32,7,06-15,29.0,6.7,7.3,0.0,5.0,25
2004,32,7,16-18,17.0,6.5,8.8,0.0,10.0,15
2004,32,7,19-21,8.0,3.5999999999999996,3.7,1.0,3.0,8
2004,32,7,22-23,8.0,1.1,1.1,2.0,1.0,4
2004,33,1,00-05,10.0,5.5,5.5,6.0,6.0,8
2004,33,1,06-15,14.0,1.4,2.4,0.0,2.0,12
2004,33,1,16-18,5.0,2.1,2.1,0.0,2.0,4
2004,33,1,19-21,2.0,0.0,0.0,1.0,0.0,2
2004,33,1,22-23,2.0,1.4,2.0,1.0,2.0,2
2004,33,2,00-05,2.0,1.0,1.0,1.0,1.0,2
2004,33,2,06-15,7.0,2.1,2.1,0.0,2.0,6
2004,33,2,16-18,2.0,0.0,0.0,0.0,1.0,2
2004,33,2,19-21,4.0,1.0,1.0,3.0,1.0,4
2004,33,3,00-05,2.0,1.0,1.0,2.0,1.0,2
2004,33,3,06-15,8.0,0.1,0.2,0.0,0.0,7
2004,33,3,16-18,5.0,0.1,0.1,0.0,0.0,5
2004,33,3,19-21,3.0,2.0,2.0,1.0,2.0,3
2004,33,4,00-05,1.0,0.5,0.5,1.0,0.0,1
2004,33,4,06-15,12.0,0.5,0.8,0.0,0.0,11
2004,33,4,16-18,3.0,0.0,0.0,0.0,0.0,3
2004,33,4,19-21,2.0,1.0,1.0,0.0,1.0,2
2004,33,4,22-23,1.0,1.0,1.0,1.0,1.0,1
2004,33,5,00-05,3.0,2.4,2.4,3.0,2.0,3
2004,33,5,06-15,11.0,1.3,1.3,0.0,2.0,11
2004,33,5,16-18,3.0,0.30000000000000004,0.30000000000000004,0.0,0.0,3
2004,33,5,19-21,1.0,0.0,0.0,1.0,0.0,1
2004,33,5,22-23,1.0,1.0,1.0,1.0,1.0,1
2004,33,6,00-05,5.0,4.2,4.2,4.0,5.0,5
2004,33,6,06-15,5.0,0.0,0.2,0.0,0.0,5
2004,33,6,16-18,5.0,0.4,1.4,0.0,1.0,4
2004,33,6,19-21,9.0,4.0,4.0,3.0,5.0,9
2004,33,6,22-23,4.0,4.0,4.0,3.0,4.0,4
2004,33,7,00-05,8.0,5.7,5.8,6.0,8.0,8
2004,33,7,06-15,16.0,0.9,1.1,0.0,0.0,12
2004,33,7,16-18,6.0,1.5,2.5,0.0,2.0,6
2004,33,7,19-21,4.0,2.0,3.0,0.0,3.0,4
2004,33,7,22-23,4.0,3.0,3.0,4.0,3.0,4
2004,33,7,unk,1.0,0.0,0.0,0.0,0.0,1
2004,34,1,00-05,39.0,18.0,21.9,23.0,25.0,36
2004,34,1,06-15,36.0,6.5,7.6,0.0,5.0,32
2004,34,1,16-18,32.0,10.3,11.7,0.0,11.0,29
2004,34,1,19-21,19.0,4.5,6.6,6.0,9.0,19
2004,34,1,22-23,10.0,2.8,2.9,8.0,4.0,10
2004,34,2,00-05,19.0,5.0,11.1,7.0,11.0,15
2004,34,2,06-15,37.0,4.0,4.2,0.0,5.0,36
2004,34,2,16-18,22.0,3.4000000000000004,5.2,0.0,7.0,20
2004,34,2,19-21,9.0,1.5,1.6,4.0,2.0,8
2004,34,2,22-23,3.0,0.2,0.2,2.0,2.0,3
2004,34,3,00-05,8.0,1.9,2.9,3.0,3.0,8
2004,34,3,06-15,27.0,1.5,1.5,0.0,1.0,27
2004,34,3,16-18,11.0,2.7,2.9,0.0,4.0,11
2004,34,3,19-21,13.0,1.5,2.5,9.0,5.0,13
2004,34,3,22-23,5.0,1.3,2.4,4.0,2.0,5
2004,34,4,00-05,17.0,5.0,6.3,6.0,6.0,17
2004,34,4,06-15,36.0,4.0,4.3,0.0,3.0,35
2004,34,4,16-18,16.0,2.1,4.4,0.0,3.0,16
2004,34,4,19-21,17.0,4.3999999999999995,5.5,3.0,8.0,17
2004,34,4,22-23,5.0,1.7000000000000002,1.9,4.0,3.0,5
2004,34,5,00-05,25.0,10.700000000000001,13.2,15.0,13.0,24
2004,34,5,06-15,37.0,2.3,3.6,0.0,2.0,35
2004,34,5,16-18,12.0,2.4,2.5,0.0,3.0,12
2004,34,5,19-21,16.0,4.1,4.2,3.0,3.0,16
2004,34,5,22-23,9.0,4.0,6.0,7.0,6.0,8
2004,34,6,00-05,28.0,13.3,16.7,16.0,16.0,26
2004,34,6,06-15,56.0,5.4,8.7,0.0,7.0,50
2004,34,6,16-18,16.0,2.8,2.9,0.0,2.0,14
2004,34,6,19-21,23.0,9.1,10.5,10.0,8.0,23
2004,34,6,22-23,12.0,3.4,5.5,5.0,5.0,12
2004,34,7,00-05,33.0,25.7,27.7,23.0,26.0,31
2004,34,7,06-15,31.0,3.6999999999999997,6.0,0.0,5.0,30
2004,34,7,16-18,17.0,5.7,6.2,0.0,3.0,17
2004,34,7,19-21,14.0,4.1,4.7,5.0,5.0,14
2004,34,7,22-23,13.0,5.7,8.9,8.0,9.0,10
2004,35,1,00-05,25.0,19.1,19.7,16.0,20.0,20
2004,35,1,06-15,33.0,9.2,12.3,0.0,14.0,28
2004,35,1,16-18,17.0,5.3,5.3,0.0,9.0,15
2004,35,1,19-21,14.0,8.0,8.0,7.0,10.0,10
2004,35,1,22-23,6.0,1.1,1.1,5.0,3.0,6
2004,35,1,unk,1.0,0.0,0.0,0.0,0.0,1
2004,35,2,00-05,9.0,1.7,2.9,5.0,4.0,8
2004,35,2,06-15,43.0,6.0,14.2,0.0,14.0,33
2004,35,2,16-18,11.0,1.4,1.4,0.0,4.0,10
2004,35,2,19-21,4.0,0.0,0.0,1.0,1.0,4
2004,35,2,22-23,1.0,0.0,0.0,1.0,0.0,1
2004,35,3,00-05,8.0,3.3,3.3,2.0,4.0,5
2004,35,3,06-15,22.0,2.5,3.5,0.0,3.0,20
2004,35,3,16-18,10.0,2.7,2.8,0.0,3.0,10
2004,35,3,19-21,6.0,1.1,1.1,1.0,1.0,6
2004,35,3,22-23,8.0,4.0,4.0,4.0,5.0,5
2004,35,4,00-05,11.0,6.3,6.3,7.0,6.0,10
2004,35,4,06-15,38.0,3.8,3.9,0.0,4.0,33
2004,35,4,16-18,9.0,3.0,3.0,0.0,4.0,9
2004,35,4,19-21,9.0,1.1,1.2000000000000002,7.0,3.0,8
2004,35,4,22-23,2.0,1.0,1.1,1.0,1.0,2
2004,35,5,00-05,16.0,11.5,11.9,1.0,11.0,9
2004,35,5,06-15,27.0,2.7,5.0,0.0,5.0,22
2004,35,5,16-18,12.0,1.9,2.2,0.0,2.0,10
2004,35,5,19-21,17.0,7.3,7.4,11.0,12.0,16
2004,35,5,22-23,9.0,6.6,6.9,5.0,8.0,8
2004,35,6,00-05,10.0,5.3,6.7,9.0,8.0,9
2004,35,6,06-15,22.0,2.1,2.1,0.0,2.0,20
2004,35,6,16-18,8.0,1.5,1.5,0.0,1.0,6
2004,35,6,19-21,13.0,2.3,3.1,6.0,8.0,12
2004,35,6,22-23,8.0,2.6,2.7,4.0,3.0,8
2004,35,7,00-05,17.0,11.1,12.6,6.0,14.0,15
2004,35,7,06-15,39.0,9.9,10.2,0.0,13.0,32
2004,35,7,16-18,11.0,4.3,4.5,0.0,4.0,10
2004,35,7,19-21,13.0,1.9000000000000001,4.3,3.0,5.0,10
2004,35,7,22-23,12.0,4.9,4.9,6.0,6.0,8
2004,36,1,00-05,72.0,47.5,56.3,35.0,49.0,65
2004,36,1,06-15,69.0,14.7,17.5,0.0,13.0,60
2004,36,1,16-18,34.0,7.7,8.7,0.0,1.0,33
2004,36,1,19-21,39.0,13.6,16.2,13.0,16.0,36
2004,36,1,22-23,19.0,7.0,7.7,10.0,4.0,16
2004,36,1,unk,3.0,1.2,2.2,0.0,2.0,3
2004,36,2,00-05,33.0,19.7,20.5,13.0,18.0,29
2004,36,2,06-15,94.0,7.6,10.6,0.0,5.0,86
2004,36,2,16-18,25.0,2.9,4.6000000000000005,0.0,4.0,23
2004,36,2,19-21,21.0,5.5,6.8999999999999995,6.0,4.0,19
2004,36,2,22-23,9.0,2.5,2.7,8.0,4.0,9
2004,36,2,unk,1.0,0.4,0.5,0.0,0.0,1
2004,36,3,00-05,23.0,14.9,15.5,16.0,12.0,21
2004,36,3,06-15,97.0,5.4,9.5,0.0,7.0,90
2004,36,3,16-18,29.0,5.300000000000001,5.6,0.0,3.0,24
2004,36,3,19-21,22.0,7.3,8.9,9.0,5.0,22
2004,36,3,22-23,12.0,4.8,5.3,5.0,4.0,12
2004,36,3,unk,1.0,0.0,0.0,0.0,0.0,1
2004,36,4,00-05,25.0,12.0,12.6,12.0,7.0,23
2004,36,4,06-15,82.0,6.3,7.6000000000000005,0.0,3.0,78
2004,36,4,16-18,38.0,4.4,6.6000000000000005,0.0,4.0,32
2004,36,4,19-21,22.0,6.1000000000000005,8.9,7.0,7.0,22
2004,36,4,22-23,18.0,10.0,11.8,15.0,12.0,17
2004,36,4,unk,1.0,0.6,0.6,0.0,0.0,1
2004,36,5,00-05,40.0,25.9,29.4,24.0,23.0,36
2004,36,5,06-15,100.0,12.7,15.4,0.0,15.0,90
2004,36,5,16-18,25.0,4.6,5.6,0.0,3.0,25
2004,36,5,19-21,37.0,12.1,14.600000000000001,19.0,9.0,31
2004,36,5,22-23,15.0,5.2,6.4,9.0,7.0,14
2004,36,6,00-05,32.0,17.1,19.2,16.0,16.0,29
2004,36,6,06-15,102.0,7.1000000000000005,9.4,0.0,2.0,95
2004,36,6,16-18,47.0,14.7,15.6,0.0,10.0,42
2004,36,6,19-21,24.0,9.5,10.6,6.0,7.0,24
2004,36,6,22-23,33.0,13.1,18.3,17.0,15.0,27
2004,36,6,unk,2.0,1.0,1.2,0.0,2.0,1
2004,36,7,00-05,71.0,45.7,50.6,38.0,40.0,67
2004,36,7,06-15,83.0,15.0,18.6,0.0,12.0,76
2004,36,7,16-18,28.0,10.6,13.7,0.0,10.0,27
2004,36,7,19-21,33.0,12.3,14.5,16.0,13.0,32
2004,36,7,22-23,33.0,21.9,24.0,25.0,22.0,32
2004,36,7,unk,1.0,1.0,1.0,0.0,1.0,1
2004,37,1,00-05,81.0,51.3,56.3,48.0,63.0,68
2004,37,1,06-15,89.0,8.3,11.6,0.0,14.0,81
2004,37,1,16-18,47.0,12.0,16.8,0.0,18.0,44
2004,37,1,19-21,38.0,12.6,14.4,13.0,22.0,33
2004,37,1,22-23,19.0,11.1,12.3,11.0,14.0,17
2004,37,2,00-05,27.0,8.3,9.0,14.0,12.0,25
2004,37,2,06-15,92.0,2.3,3.0,0.0,6.0,83
2004,37,2,16-18,33.0,5.7,6.9,0.0,7.0,31
2004,37,2,19-21,21.0,8.9,10.0,6.0,12.0,20
2004,37,2,22-23,14.0,4.6,5.2,10.0,9.0,13
2004,37,3,00-05,23.0,8.8,9.5,11.0,9.0,20
2004,37,3,06-15,67.0,6.1,8.2,0.0,7.0,64
2004,37,3,16-18,35.0,4.8,4.9,0.0,5.0,32
2004,37,3,19-21,28.0,8.5,9.7,11.0,14.0,26
2004,37,3,22-23,10.0,4.4,5.4,6.0,7.0,10
2004,37,4,00-05,15.0,7.0,7.3,10.0,11.0,15
2004,37,4,06-15,102.0,5.7,9.8,0.0,14.0,98
2004,37,4,16-18,29.0,5.1,5.7,0.0,6.0,24
2004,37,4,19-21,25.0,10.4,11.9,11.0,15.0,22
2004,37,4,22-23,15.0,6.1,7.1,8.0,9.0,15
2004,37,5,00-05,37.0,21.4,23.9,22.0,26.0,36
2004,37,5,06-15,91.0,8.8,10.7,0.0,12.0,84
2004,37,5,16-18,33.0,3.1,4.2,0.0,6.0,29
2004,37,5,19-21,32.0,9.5,10.7,10.0,12.0,29
2004,37,5,22-23,23.0,10.6,11.1,15.0,12.0,21
2004,37,6,00-05,32.0,17.1,18.6,19.0,23.0,28
2004,37,6,06-15,84.0,8.7,9.200000000000001,0.0,10.0,78
2004,37,6,16-18,56.0,16.3,19.9,0.0,24.0,50
2004,37,6,19-21,25.0,6.1000000000000005,6.7,10.0,9.0,23
2004,37,6,22-23,20.0,8.4,9.6,17.0,13.0,20
2004,37,7,00-05,76.0,49.1,53.5,48.0,58.0,63
2004,37,7,06-15,112.0,18.9,23.1,0.0,20.0,92
2004,37,7,16-18,43.0,16.2,18.1,0.0,17.0,38
2004,37,7,19-21,56.0,19.8,22.1,24.0,30.0,50
2004,37,7,22-23,43.0,18.6,19.4,30.0,22.0,35
2004,38,1,00-05,6.0,6.0,6.0,5.0,6.0,6
2004,38,1,06-15,5.0,1.1,1.1,0.0,1.0,5
2004,38,1,16-18,2.0,0.1,0.1,0.0,0.0,2
2004,38,1,19-21,1.0,0.0,0.0,0.0,0.0,1
2004,38,2,00-05,2.0,1.0,1.0,1.0,1.0,2
2004,38,2,06-15,7.0,0.0,0.0,0.0,0.0,7
2004,38,2,22-23,2.0,1.0,1.0,2.0,1.0,2
2004,38,3,00-05,2.0,2.0,2.0,1.0,2.0,2
2004,38,3,06-15,4.0,1.2,1.2,0.0,1.0,4
2004,38,3,16-18,1.0,1.0,1.0,0.0,1.0,1
2004,38,3,19-21,4.0,1.0,1.0,1.0,1.0,3
2004,38,3,unk,1.0,0.0,0.0,0.0,0.0,1
2004,38,4,00-05,3.0,1.8,2.8,2.0,3.0,3
2004,38,4,06-15,7.0,1.0,1.0,0.0,1.0,7
2004,38,4,16-18,3.0,0.2,0.2,0.0,1.0,3
2004,38,5,06-15,9.0,0.1,0.1,0.0,1.0,8
2004,38,5,16-18,5.0,0.1,0.1,0.0,0.0,3
2004,38,5,19-21,2.0,1.0,1.0,1.0,1.0,2
2004,38,5,22-23,2.0,2.0,2.0,1.0,2.0,2
2004,38,6,00-05,2.0,2.0,2.0,2.0,2.0,2
2004,38,6,06-15,9.0,0.1,1.2,0.0,1.0,8
2004,38,6,16-18,4.0,1.2,1.2,0.0,1.0,4
2004,38,6,22-23,4.0,3.0,4.0,3.0,4.0,4
2004,38,7,00-05,4.0,3.5,3.6,3.0,3.0,4
2004,38,7,06-15,5.0,0.6,0.6,0.0,0.0,5
2004,38,7,16-18,2.0,2.0,2.0,0.0,2.0,2
2004,38,7,19-21,1.0,0.1,1.0,0.0,1.0,1
2004,38,7,22-23,1.0,1.0,1.0,1.0,1.0,1
2004,39,1,00-05,69.0,51.1,54.0,45.0,60.0,65
2004,39,1,06-15,58.0,8.4,9.7,0.0,11.0,52
2004,39,1,16-18,31.0,7.8,10.0,0.0,12.0,29
2004,39,1,19-21,31.0,11.8,12.1,13.0,14.0,27
2004,39,1,22-23,14.0,9.4,9.4,9.0,11.0,12
2004,39,2,00-05,20.0,14.0,15.3,12.0,14.0,18
2004,39,2,06-15,71.0,3.4000000000000004,6.5,0.0,7.0,66
2004,39,2,16-18,25.0,1.5,2.0,0.0,3.0,24
2004,39,2,19-21,24.0,5.5,6.6,8.0,8.0,24
2004,39,2,22-23,17.0,7.2,12.0,5.0,14.0,9
2004,39,2,unk,1.0,1.0,1.0,0.0,1.0,1
2004,39,3,00-05,18.0,8.6,9.9,13.0,11.0,18
2004,39,3,06-15,54.0,4.5,8.8,0.0,8.0,47
2004,39,3,16-18,42.0,6.8,7.3,0.0,7.0,36
2004,39,3,19-21,17.0,4.3,7.3,8.0,9.0,17
2004,39,3,22-23,8.0,1.6,1.6,4.0,2.0,8
2004,39,3,unk,1.0,1.0,1.0,0.0,1.0,1
2004,39,4,00-05,29.0,16.0,16.4,13.0,17.0,28
2004,39,4,06-15,80.0,7.1,8.7,0.0,9.0,77
2004,39,4,16-18,26.0,3.0,4.4,0.0,3.0,25
2004,39,4,19-21,30.0,8.1,10.1,10.0,11.0,29
2004,39,4,22-23,9.0,3.9,5.1,6.0,5.0,8
2004,39,5,00-05,33.0,20.5,22.8,19.0,25.0,25
2004,39,5,06-15,69.0,3.6,9.7,0.0,8.0,63
2004,39,5,16-18,38.0,4.7,5.8,0.0,7.0,34
2004,39,5,19-21,24.0,7.8,8.9,10.0,11.0,21
2004,39,5,22-23,13.0,10.2,10.2,6.0,10.0,11
2004,39,6,00-05,28.0,13.1,18.1,22.0,20.0,25
2004,39,6,06-15,66.0,8.2,8.5,0.0,8.0,60
2004,39,6,16-18,37.0,5.9,8.8,0.0,7.0,35
2004,39,6,19-21,31.0,13.3,15.3,15.0,17.0,29
2004,39,6,22-23,29.0,20.1,20.3,21.0,25.0,22
2004,39,7,00-05,68.0,52.3,56.2,46.0,61.0,62
2004,39,7,06-15,75.0,14.6,17.0,0.0,18.0,69
2004,39,7,16-18,30.0,7.3999999999999995,11.7,0.0,14.0,28
2004,39,7,19-21,40.0,18.6,25.0,16.0,25.0,35
2004,39,7,22-23,30.0,9.4,10.4,19.0,10.0,23
2004,40,1,00-05,42.0,21.9,26.6,29.0,33.0,35
2004,40,1,06-15,33.0,2.8,2.8,0.0,4.0,28
2004,40,1,16-18,17.0,4.8,4.9,0.0,6.0,16
2004,40,1,19-21,14.0,6.7,6.8,4.0,6.0,12
2004,40,1,22-23,7.0,3.7,3.9,5.0,4.0,7
2004,40,1,unk,1.0,0.4,0.4,0.0,0.0,1
2004,40,2,00-05,11.0,6.3,6.3,7.0,6.0,10
2004,40,2,06-15,32.0,0.8,1.0,0.0,0.0,29
2004,40,2,16-18,35.0,2.6,3.5,0.0,4.0,26
2004,40,2,19-21,8.0,3.1,3.1,2.0,3.0,6
2004,40,2,22-23,13.0,6.3,6.4,11.0,6.0,11
2004,40,3,00-05,9.0,3.9,4.2,2.0,4.0,9
2004,40,3,06-15,29.0,4.4,5.6,0.0,6.0,27
2004,40,3,16-18,21.0,2.5,5.5,0.0,7.0,18
2004,40,3,19-21,13.0,5.3,5.5,4.0,5.0,11
2004,40,3,22-23,8.0,1.0,1.0,5.0,2.0,6
2004,40,4,00-05,11.0,7.0,8.1,10.0,8.0,10
2004,40,4,06-15,39.0,4.2,4.6,0.0,3.0,35
2004,40,4,16-18,21.0,4.0,4.3,0.0,3.0,17
2004,40,4,19-21,21.0,9.6,10.8,4.0,10.0,16
2004,40,4,22-23,4.0,0.0,1.0,3.0,1.0,4
2004,40,5,00-05,15.0,4.4,4.5,9.0,5.0,13
2004,40,5,06-15,47.0,4.3,5.4,0.0,6.0,40
2004,40,5,16-18,15.0,2.6,2.9,0.0,3.0,14
2004,40,5,19-21,16.0,7.5,9.5,6.0,11.0,15
2004,40,5,22-23,9.0,2.3,2.3,7.0,2.0,8
2004,40,5,unk,1.0,0.0,0.0,0.0,0.0,1
2004,40,6,00-05,11.0,3.8,5.8999999999999995,7.0,7.0,11
2004,40,6,06-15,39.0,5.7,5.9,0.0,4.0,37
2004,40,6,16-18,25.0,6.9,7.0,0.0,7.0,20
2004,40,6,19-21,30.0,14.7,16.9,7.0,19.0,23
2004,40,6,22-23,19.0,10.6,10.8,11.0,10.0,16
2004,40,6,unk,1.0,1.0,1.0,0.0,1.0,1
2004,40,7,00-05,44.0,30.4,34.6,24.0,34.0,37
2004,40,7,06-15,48.0,1.8,2.4,0.0,5.0,39
2004,40,7,16-18,22.0,8.1,10.5,0.0,11.0,18
2004,40,7,19-21,28.0,13.3,13.7,13.0,16.0,26
2004,40,7,22-23,13.0,6.1,7.0,9.0,11.0,10
2004,40,7,unk,2.0,0.6,0.8,0.0,0.0,1
2004,41,1,00-05,20.0,15.6,16.1,17.0,17.0,16
2004,41,1,06-15,22.0,4.3,6.6,0.0,6.0,18
2004,41,1,16-18,18.0,6.4,12.4,0.0,14.0,13
2004,41,1,19-21,15.0,6.4,7.4,6.0,8.0,11
2004,41,1,22-23,4.0,2.0,2.0,3.0,2.0,4
2004,41,1,unk,1.0,0.3,0.3,0.0,0.0,1
2004,41,2,00-05,10.0,8.7,9.7,8.0,9.0,8
2004,41,2,06-15,34.0,0.5,3.7,0.0,3.0,29
2004,41,2,16-18,15.0,2.8,4.8,0.0,6.0,14
2004,41,2,19-21,3.0,3.0,3.0,0.0,3.0,1
2004,41,2,22-23,3.0,2.0,2.0,3.0,2.0,3
2004,41,3,00-05,3.0,1.7000000000000002,2.0,3.0,2.0,3
2004,41,3,06-15,20.0,0.4,1.4,0.0,1.0,19
2004,41,3,16-18,13.0,2.3,2.4,0.0,2.0,13
2004,41,3,19-21,4.0,2.2,2.3,2.0,2.0,4
2004,41,3,22-23,6.0,2.1,2.2,2.0,2.0,5
2004,41,4,00-05,7.0,7.0,7.0,5.0,7.0,5
2004,41,4,06-15,27.0,2.2,4.3999999999999995,0.0,5.0,24
2004,41,4,16-18,11.0,1.2,2.4000000000000004,0.0,2.0,10
2004,41,4,19-21,5.0,1.2,2.2,1.0,2.0,5
2004,41,4,22-23,3.0,1.6,1.7,3.0,1.0,3
2004,41,5,00-05,8.0,6.6,6.7,5.0,6.0,7
2004,41,5,06-15,21.0,2.0,3.0,0.0,3.0,19
2004,41,5,16-18,19.0,6.3,9.4,0.0,9.0,14
2004,41,5,19-21,13.0,7.3,7.3,5.0,8.0,12
2004,41,5,22-23,4.0,2.0,2.0,2.0,2.0,2
2004,41,5,unk,1.0,0.0,0.0,0.0,1.0,1
2004,41,6,00-05,11.0,7.8,8.9,6.0,10.0,8
2004,41,6,06-15,27.0,2.1,2.4000000000000004,0.0,2.0,25
2004,41,6,16-18,13.0,2.2,5.2,0.0,5.0,12
2004,41,6,19-21,9.0,4.4,4.5,5.0,5.0,9
2004,41,6,22-23,4.0,2.0,2.0,4.0,2.0,3
2004,41,6,unk,1.0,0.0,0.0,0.0,0.0,1
2004,41,7,00-05,24.0,16.1,20.2,16.0,21.0,23
2004,41,7,06-15,26.0,7.2,7.3,0.0,7.0,20
2004,41,7,16-18,15.0,2.8,7.3,0.0,8.0,9
2004,41,7,19-21,9.0,5.5,7.3,4.0,7.0,8
2004,41,7,22-23,4.0,1.5,1.5,4.0,2.0,4
2004,41,7,unk,3.0,1.6,2.6,0.0,1.0,2
2004,42,1,00-05,70.0,56.7,60.3,47.0,62.0,67
2004,42,1,06-15,75.0,7.800000000000001,8.6,0.0,7.0,66
2004,42,1,16-18,34.0,12.9,13.4,0.0,15.0,28
2004,42,1,19-21,27.0,12.2,14.9,9.0,14.0,25
2004,42,1,22-23,11.0,8.0,8.1,8.0,8.0,11
2004,42,1,unk,4.0,3.6,3.6,0.0,4.0,3
2004,42,2,00-05,28.0,15.5,16.5,19.0,17.0,26
2004,42,2,06-15,77.0,4.7,5.9,0.0,5.0,71
2004,42,2,16-18,20.0,2.5,2.7,0.0,2.0,20
2004,42,2,19-21,21.0,8.8,9.4,7.0,9.0,20
2004,42,2,22-23,17.0,6.5,7.5,14.0,10.0,15
2004,42,3,00-05,18.0,6.2,8.4,8.0,8.0,17
2004,42,3,06-15,96.0,6.8,10.6,0.0,5.0,88
2004,42,3,16-18,29.0,6.1,6.6,0.0,4.0,29
2004,42,3,19-21,25.0,11.3,11.4,12.0,10.0,25
2004,42,3,22-23,10.0,6.4,6.5,7.0,6.0,10
2004,42,3,unk,1.0,0.0,0.0,0.0,0.0,1
2004,42,4,00-05,35.0,20.8,23.1,25.0,24.0,33
2004,42,4,06-15,87.0,9.7,13.1,0.0,11.0,80
2004,42,4,16-18,29.0,6.3,6.8,0.0,5.0,27
2004,42,4,19-21,35.0,10.9,10.9,15.0,14.0,32
2004,42,4,22-23,10.0,7.4,7.4,7.0,7.0,10
2004,42,5,00-05,43.0,25.4,27.4,30.0,27.0,40
2004,42,5,06-15,71.0,6.9,7.2,0.0,6.0,63
2004,42,5,16-18,30.0,2.8,4.6,0.0,4.0,28
2004,42,5,19-21,25.0,8.1,14.0,9.0,14.0,21
2004,42,5,22-23,21.0,11.5,12.7,13.0,14.0,19
2004,42,5,unk,1.0,1.0,1.0,0.0,1.0,1
2004,42,6,00-05,44.0,30.5,35.8,35.0,34.0,38
2004,42,6,06-15,111.0,15.9,17.7,0.0,15.0,101
2004,42,6,16-18,27.0,7.6,7.9,0.0,8.0,26
2004,42,6,19-21,48.0,22.1,24.0,20.0,29.0,45
2004,42,6,22-23,28.0,11.8,12.799999999999999,15.0,15.0,25
2004,42,6,unk,2.0,1.2,1.2,0.0,1.0,2
2004,42,7,00-05,89.0,67.8,75.4,56.0,74.0,80
2004,42,7,06-15,67.0,11.7,14.1,0.0,15.0,62
2004,42,7,16-18,46.0,18.8,20.4,0.0,21.0,44
2004,42,7,19-21,39.0,18.7,22.6,13.0,20.0,37
2004,42,7,22-23,37.0,23.3,28.3,13.0,30.0,24
2004,42,7,unk,2.0,1.3,1.4,0.0,2.0,2
2004,44,1,00-05,4.0,3.6,3.7,4.0,4.0,4
2004,44,1,06-15,1.0,1.0,1.0,0.0,1.0,1
2004,44,1,16-18,1.0,0.2,0.3,0.0,0.0,1
2004,44,1,19-21,2.0,1.0,1.0,1.0,1.0,2
2004,44,2,00-05,1.0,0.0,0.0,1.0,0.0,1
2004,44,2,06-15,1.0,0.1,0.1,0.0,0.0,1
2004,44,2,16-18,2.0,1.1,1.1,0.0,1.0,2
2004,44,2,19-21,5.0,1.4,1.7,5.0,1.0,4
2004,44,2,22-23,2.0,1.6,1.7,1.0,2.0,2
2004,44,3,00-05,3.0,1.0,1.1,3.0,0.0,2
2004,44,3,06-15,4.0,0.5,0.5,0.0,0.0,4
2004,44,3,16-18,1.0,0.1,0.1,0.0,0.0,1
2004,44,3,19-21,3.0,0.7,0.7,1.0,0.0,3
2004,44,4,00-05,3.0,3.0,3.0,3.0,3.0,3
2004,44,4,06-15,4.0,0.1,0.2,0.0,0.0,4
2004,44,4,19-21,1.0,0.0,0.0,1.0,0.0,1
2004,44,4,22-23,5.0,4.6,4.7,4.0,5.0,3
2004,44,5,00-05,5.0,3.1,3.1,3.0,4.0,5
2004,44,5,06-15,5.0,1.1,1.1,0.0,1.0,5
2004,44,5,19-21,1.0,1.0,1.0,1.0,1.0,1
2004,44,6,00-05,3.0,2.7,2.8,3.0,3.0,3
2004,44,6,06-15,3.0,0.0,0.0,0.0,0.0,3
2004,44,6,16-18,3.0,0.2,0.30000000000000004,0.0,0.0,3
2004,44,6,19-21,1.0,0.8,0.9,0.0,1.0,1
2004,44,6,22-23,3.0,1.5,1.6,3.0,2.0,3
2004,44,7,00-05,2.0,1.5,1.6,2.0,2.0,2
2004,44,7,06-15,5.0,0.9,1.4,0.0,2.0,5
2004,44,7,16-18,3.0,2.0,2.1,0.0,1.0,3
2004,44,7,19-21,4.0,2.0,2.0,2.0,2.0,3
2004,44,7,22-23,2.0,1.2,1.3,2.0,2.0,2
2004,45,1,00-05,58.0,34.9,40.8,35.0,44.0,49
2004,45,1,06-15,44.0,11.5,15.700000000000001,0.0,21.0,40
2004,45,1,16-18,28.0,7.5,9.1,0.0,10.0,26
2004,45,1,19-21,22.0,11.1,13.4,11.0,12.0,22
2004,45,1,22-23,8.0,4.2,4.2,5.0,4.0,8
2004,45,2,00-05,21.0,10.0,10.4,12.0,11.0,20
2004,45,2,06-15,65.0,9.4,16.400000000000002,0.0,20.0,55
2004,45,2,16-18,15.0,3.9,4.1,0.0,5.0,15
2004,45,2,19-21,22.0,13.3,14.1,11.0,15.0,20
2004,45,2,22-23,5.0,1.9,2.0,4.0,2.0,5
2004,45,3,00-05,20.0,10.3,10.7,13.0,11.0,18
2004,45,3,06-15,41.0,4.4,5.6,0.0,7.0,38
2004,45,3,16-18,17.0,4.3,6.0,0.0,6.0,17
2004,45,3,19-21,31.0,9.0,10.9,22.0,15.0,29
2004,45,3,22-23,11.0,5.9,7.2,10.0,8.0,11
2004,45,4,00-05,26.0,12.4,12.6,15.0,15.0,24
2004,45,4,06-15,50.0,4.2,5.0,0.0,6.0,44
2004,45,4,16-18,25.0,4.7,5.9,0.0,6.0,22
2004,45,4,19-21,14.0,5.7,7.0,5.0,8.0,14
2004,45,4,22-23,6.0,3.0,3.0,6.0,3.0,6
2004,45,5,00-05,27.0,14.8,17.0,16.0,21.0,25
2004,45,5,06-15,33.0,5.7,6.2,0.0,8.0,32
2004,45,5,16-18,17.0,0.0,0.1,0.0,1.0,17
2004,45,5,19-21,26.0,10.0,10.4,13.0,17.0,23
2004,45,5,22-23,7.0,3.0,3.0,5.0,4.0,7
2004,45,6,00-05,37.0,23.2,25.3,21.0,23.0,31
2004,45,6,06-15,70.0,4.8,4.9,0.0,10.0,57
2004,45,6,16-18,33.0,12.8,13.5,0.0,15.0,30
2004,45,6,19-21,23.0,6.0,7.4,12.0,10.0,22
2004,45,6,22-23,25.0,11.8,13.2,14.0,13.0,23
2004,45,7,00-05,71.0,49.5,53.9,39.0,56.0,61
2004,45,7,06-15,57.0,10.7,13.3,0.0,13.0,54
2004,45,7,16-18,21.0,5.8,6.7,0.0,6.0,18
2004,45,7,19-21,38.0,22.0,25.4,19.0,30.0,37
2004,45,7,22-23,32.0,16.8,17.9,22.0,21.0,26
2004,46,1,00-05,5.0,3.0,4.0,5.0,5.0,5
2004,46,1,06-15,13.0,3.0,3.3,0.0,3.0,12
2004,46,1,16-18,10.0,3.0,4.0,0.0,4.0,8
2004,46,1,19-21,5.0,3.2,3.3,1.0,3.0,3
2004,46,1,22-23,1.0,1.0,1.0,1.0,1.0,1
2004,46,2,00-05,1.0,0.0,0.0,1.0,1.0,1
2004,46,2,06-15,12.0,0.0,0.0,0.0,0.0,9
2004,46,2,16-18,5.0,0.1,0.2,0.0,0.0,4
2004,46,2,19-21,3.0,0.0,0.0,1.0,0.0,3
2004,46,2,22-23,2.0,1.0,1.0,2.0,1.0,2
2004,46,2,unk,1.0,1.0,1.0,0.0,1.0,1
2004,46,3,00-05,8.0,3.3,3.4,4.0,4.0,7
2004,46,3,06-15,10.0,2.0,2.0,0.0,2.0,10
2004,46,3,16-18,7.0,3.4,3.7,0.0,4.0,5
2004,46,3,19-21,1.0,0.0,0.0,1.0,0.0,1
2004,46,3,unk,2.0,1.1,1.2,0.0,1.0,2
2004,46,4,00-05,2.0,1.0,1.0,0.0,1.0,2
2004,46,4,06-15,8.0,1.0,1.0,0.0,1.0,6
2004,46,4,16-18,1.0,0.8,0.8,0.0,1.0,1
2004,46,4,19-21,5.0,3.7,3.7,5.0,4.0,3
2004,46,4,22-23,6.0,3.0,3.0,5.0,3.0,3
2004,46,5,00-05,3.0,3.0,3.0,3.0,3.0,2
2004,46,5,06-15,16.0,3.0,4.0,0.0,4.0,13
2004,46,5,16-18,3.0,0.0,0.0,0.0,0.0,3
2004,46,5,19-21,2.0,2.0,2.0,1.0,2.0,2
2004,46,5,22-23,3.0,0.5,0.5,3.0,0.0,3
2004,46,6,00-05,4.0,2.0,2.0,2.0,2.0,4
2004,46,6,06-15,15.0,4.0,6.2,0.0,7.0,13
2004,46,6,16-18,5.0,0.0,2.0,0.0,2.0,4
2004,46,6,19-21,2.0,1.0,1.0,1.0,1.0,2
2004,46,6,22-23,3.0,3.0,3.0,1.0,3.0,2
2004,46,6,unk,2.0,1.2,1.2,0.0,0.0,1
2004,46,7,00-05,10.0,8.5,8.5,6.0,9.0,8
2004,46,7,06-15,10.0,3.0,4.0,0.0,4.0,9
2004,46,7,16-18,5.0,3.1,3.1,0.0,3.0,5
2004,46,7,19-21,4.0,0.0,0.0,3.0,0.0,4
2004,46,7,22-23,2.0,2.0,2.0,2.0,2.0,2
2004,47,1,00-05,76.0,38.8,44.0,51.0,30.0,63
2004,47,1,06-15,72.0,20.7,26.3,0.0,19.0,55
2004,47,1,16-18,33.0,11.3,12.1,0.0,7.0,31
2004,47,1,19-21,20.0,11.1,12.8,12.0,12.0,19
2004,47,1,22-23,3.0,0.9,1.0,2.0,1.0,3
2004,47,1,unk,17.0,12.3,12.9,0.0,11.0,16
2004,47,2,00-05,31.0,15.5,16.8,18.0,11.0,27
2004,47,2,06-15,63.0,9.8,10.7,0.0,8.0,57
2004,47,2,16-18,26.0,4.2,5.9,0.0,2.0,25
2004,47,2,19-21,17.0,7.0,7.1000000000000005,4.0,6.0,16
2004,47,2,22-23,16.0,8.8,11.5,11.0,8.0,16
2004,47,3,00-05,27.0,13.1,14.9,18.0,9.0,25
2004,47,3,06-15,66.0,6.2,8.700000000000001,0.0,5.0,59
2004,47,3,16-18,28.0,5.5,6.2,0.0,4.0,23
2004,47,3,19-21,24.0,7.4,10.5,7.0,9.0,20
2004,47,3,22-23,14.0,8.6,9.6,10.0,8.0,9
2004,47,3,unk,4.0,1.5,1.5,0.0,1.0,4
2004,47,4,00-05,19.0,13.7,14.5,13.0,12.0,18
2004,47,4,06-15,74.0,8.8,10.6,0.0,9.0,65
2004,47,4,16-18,34.0,5.5,5.8,0.0,4.0,29
2004,47,4,19-21,22.0,10.1,10.5,3.0,9.0,18
2004,47,4,22-23,12.0,4.8,4.9,8.0,4.0,10
2004,47,4,unk,2.0,1.3,1.3,0.0,1.0,2
2004,47,5,00-05,34.0,16.9,18.5,16.0,12.0,31
2004,47,5,06-15,71.0,11.1,13.5,0.0,11.0,66
2004,47,5,16-18,30.0,6.3,7.7,0.0,6.0,28
2004,47,5,19-21,24.0,12.5,13.2,8.0,12.0,23
2004,47,5,22-23,14.0,6.6,6.8,12.0,6.0,14
2004,47,5,unk,4.0,0.4,0.5,0.0,0.0,4
2004,47,6,00-05,29.0,18.400000000000002,22.6,11.0,16.0,22
2004,47,6,06-15,83.0,9.4,13.1,0.0,10.0,75
2004,47,6,16-18,36.0,8.3,10.9,0.0,6.0,32
2004,47,6,19-21,31.0,16.7,19.7,20.0,17.0,30
2004,47,6,22-23,24.0,17.5,18.1,17.0,19.0,22
2004,47,6,unk,6.0,2.3,2.3,0.0,2.0,5
2004,47,7,00-05,58.0,34.1,42.6,42.0,33.0,51
2004,47,7,06-15,90.0,12.5,15.0,0.0,10.0,83
2004,47,7,16-18,38.0,10.1,10.9,0.0,8.0,35
2004,47,7,19-21,39.0,17.7,18.6,16.0,17.0,32
2004,47,7,22-23,20.0,8.0,11.6,12.0,10.0,20
2004,47,7,unk,8.0,5.0,5.3,0.0,5.0,8
2004,48,1,00-05,270.0,186.6,205.8,150.0,196.0,240
2004,48,1,06-15,206.0,47.9,55.8,0.0,46.0,157
2004,48,1,16-18,101.0,32.0,40.7,0.0,29.0,85
2004,48,1,19-21,101.0,44.5,51.7,33.0,43.0,86
2004,48,1,22-23,43.0,17.0,20.2,28.0,19.0,42
2004,48,1,unk,1.0,1.0,1.0,0.0,1.0,1
2004,48,2,00-05,85.0,40.4,45.1,37.0,38.0,77
2004,48,2,06-15,205.0,23.6,26.7,0.0,13.0,191
2004,48,2,16-18,84.0,22.400000000000002,28.0,0.0,14.0,68
2004,48,2,19-21,82.0,24.2,38.4,27.0,34.0,69
2004,48,2,22-23,42.0,22.1,23.6,36.0,18.0,29
2004,48,3,00-05,63.0,30.4,34.7,35.0,27.0,57
2004,48,3,06-15,151.0,18.1,20.2,0.0,7.0,143
2004,48,3,16-18,66.0,11.0,16.3,0.0,10.0,62
2004,48,3,19-21,70.0,24.9,33.7,29.0,30.0,64
2004,48,3,22-23,27.0,15.9,18.1,15.0,15.0,25
2004,48,4,00-05,74.0,37.7,40.0,39.0,29.0,72
2004,48,4,06-15,163.0,11.6,16.5,0.0,6.0,143
2004,48,4,16-18,71.0,15.4,17.5,0.0,8.0,65
2004,48,4,19-21,68.0,25.3,30.3,25.0,25.0,64
2004,48,4,22-23,36.0,16.4,18.8,26.0,17.0,35
2004,48,4,unk,1.0,0.0,0.0,0.0,0.0,1
2004,48,5,00-05,98.0,65.9,74.8,55.0,71.0,89
2004,48,5,06-15,166.0,16.0,26.0,0.0,19.0,153
2004,48,5,16-18,80.0,23.1,27.4,0.0,21.0,74
2004,48,5,19-21,65.0,20.0,27.3,26.0,22.0,53
2004,48,5,22-23,57.0,29.5,30.9,25.0,28.0,46
2004,48,6,00-05,106.0,66.6,69.9,57.0,64.0,100
2004,48,6,06-15,197.0,26.8,32.800000000000004,0.0,26.0,166
2004,48,6,16-18,98.0,27.1,31.6,0.0,19.0,84
2004,48,6,19-21,88.0,38.1,45.7,34.0,42.0,78
2004,48,6,22-23,70.0,42.6,47.2,35.0,45.0,66
2004,48,6,unk,1.0,0.0,0.0,0.0,1.0,1
2004,48,7,00-05,184.0,129.0,139.9,82.0,135.0,161
2004,48,7,06-15,201.0,45.5,55.6,0.0,36.0,176
2004,48,7,16-18,95.0,30.6,41.9,0.0,28.0,85
2004,48,7,19-21,103.0,55.5,62.4,38.0,49.0,94
2004,48,7,22-23,79.0,50.5,54.5,42.0,53.0,63
2004,48,7,unk,1.0,1.0,1.0,0.0,1.0,1
2004,49,1,00-05,12.0,6.1,6.5,5.0,7.0,11
2004,49,1,06-15,21.0,6.0,6.0,0.0,5.0,15
2004,49,1,16-18,4.0,1.4,1.6,0.0,1.0,4
2004,49,1,19-21,4.0,0.4,0.4,1.0,0.0,4
2004,49,1,22-23,1.0,0.0,0.0,1.0,1.0,1
2004,49,2,00-05,4.0,0.0,0.0,3.0,0.0,2
2004,49,2,06-15,24.0,2.6,2.7,0.0,2.0,22
2004,49,2,16-18,14.0,1.5,1.6,0.0,1.0,12
2004,49,2,19-21,10.0,2.7,2.7,5.0,3.0,9
2004,49,2,22-23,1.0,0.1,0.1,1.0,0.0,1
2004,49,2,unk,1.0,1.0,1.0,0.0,1.0,1
2004,49,3,00-05,5.0,1.0,1.0,3.0,1.0,4
2004,49,3,06-15,20.0,2.4,2.5999999999999996,0.0,2.0,18
2004,49,3,16-18,8.0,0.30000000000000004,0.4,0.0,0.0,8
2004,49,3,19-21,4.0,3.1,3.1,2.0,3.0,4
2004,49,4,00-05,2.0,0.3,0.4,1.0,0.0,2
2004,49,4,06-15,13.0,0.1,0.1,0.0,0.0,11
2004,49,4,16-18,3.0,0.0,0.1,0.0,0.0,3
2004,49,4,19-21,6.0,2.3000000000000003,2.3000000000000003,2.0,2.0,5
2004,49,4,22-23,3.0,0.5,0.6,3.0,0.0,3
2004,49,5,00-05,7.0,2.0,2.0,5.0,2.0,6
2004,49,5,06-15,17.0,1.0,1.0,0.0,2.0,15
2004,49,5,16-18,4.0,0.5,0.6000000000000001,0.0,0.0,4
2004,49,5,19-21,7.0,1.1,1.1,4.0,2.0,6
2004,49,5,22-23,2.0,2.0,2.0,1.0,2.0,2
2004,49,6,00-05,10.0,6.0,6.1,2.0,6.0,9
2004,49,6,06-15,13.0,1.3,1.6,0.0,2.0,13
2004,49,6,16-18,8.0,2.4,2.4,0.0,2.0,8
2004,49,6,19-21,10.0,6.4,6.6,7.0,6.0,7
2004,49,6,22-23,5.0,2.1,2.2,4.0,2.0,5
2004,49,7,00-05,5.0,2.5,2.7,3.0,2.0,5
2004,49,7,06-15,22.0,5.1,5.2,0.0,4.0,20
2004,49,7,16-18,15.0,0.7,0.8,0.0,0.0,10
2004,49,7,19-21,7.0,1.3,1.3,1.0,1.0,6
2004,49,7,22-23,4.0,1.0,1.0,1.0,1.0,4
2004,50,1,00-05,1.0,0.0,1.0,0.0,1.0,1
2004,50,1,06-15,4.0,0.0,0.0,0.0,0.0,4
2004,50,1,16-18,4.0,2.0,2.1,0.0,2.0,4
2004,50,1,19-21,2.0,0.1,1.0,1.0,1.0,2
2004,50,1,unk,2.0,1.0,1.0,0.0,1.0,2
2004,50,2,06-15,7.0,0.2,1.3,0.0,1.0,7
2004,50,2,16-18,1.0,0.0,0.0,0.0,0.0,1
2004,50,2,19-21,2.0,0.1,2.0,0.0,2.0,2
2004,50,3,06-15,3.0,0.0,0.0,0.0,0.0,3
2004,50,3,16-18,2.0,0.0,0.0,0.0,0.0,2
2004,50,3,19-21,1.0,1.0,1.0,0.0,1.0,1
2004,50,3,unk,3.0,0.4,1.4,0.0,1.0,2
2004,50,4,06-15,3.0,0.0,0.0,0.0,0.0,3
2004,50,4,16-18,1.0,1.0,1.0,0.0,1.0,1
2004,50,4,19-21,3.0,0.0,0.0,0.0,0.0,3
2004,50,4,unk,2.0,1.0,1.0,0.0,1.0,2
2004,50,5,00-05,1.0,0.0,0.0,0.0,0.0,1
2004,50,5,06-15,7.0,0.0,0.0,0.0,0.0,5
2004,50,5,16-18,2.0,0.0,0.0,0.0,0.0,2
2004,50,5,19-21,1.0,1.0,1.0,0.0,1.0,1
2004,50,5,22-23,3.0,2.3,2.3,3.0,2.0,3
2004,50,5,unk,2.0,1.0,1.0,0.0,1.0,2
2004,50,6,00-05,2.0,1.0,1.0,2.0,1.0,2
2004,50,6,06-15,5.0,0.1,0.1,0.0,0.0,5
2004,50,6,16-18,7.0,0.0,0.0,0.0,3.0,2
2004,50,6,19-21,1.0,0.0,0.0,0.0,0.0,1
2004,50,6,22-23,1.0,1.0,1.0,1.0,1.0,1
2004,50,7,00-05,3.0,1.0,2.0,1.0,3.0,3
2004,50,7,06-15,9.0,0.1,0.30000000000000004,0.0,0.0,7
2004,50,7,16-18,6.0,0.0,3.0,0.0,3.0,3
2004,50,7,22-23,2.0,1.0,2.0,1.0,2.0,2
2004,50,7,unk,5.0,4.6,4.8,0.0,5.0,4
2004,51,1,00-05,44.0,27.6,32.9,24.0,35.0,40
2004,51,1,06-15,43.0,7.8,8.5,0.0,6.0,41
2004,51,1,16-18,15.0,4.6,5.1,0.0,4.0,15
2004,51,1,19-21,18.0,7.1000000000000005,8.3,7.0,6.0,17
2004,51,1,22-23,7.0,3.8,4.3,6.0,2.0,7
2004,51,2,00-05,22.0,11.1,12.7,14.0,11.0,19
2004,51,2,06-15,42.0,6.3,6.5,0.0,9.0,39
2004,51,2,16-18,23.0,4.8,4.9,0.0,11.0,19
2004,51,2,19-21,26.0,9.0,11.700000000000001,12.0,14.0,22
2004,51,2,22-23,10.0,4.3,4.5,10.0,4.0,10
2004,51,3,00-05,19.0,7.5,9.7,7.0,7.0,17
2004,51,3,06-15,56.0,4.6000000000000005,6.5,0.0,4.0,51
2004,51,3,16-18,11.0,2.3,2.7,0.0,2.0,11
2004,51,3,19-21,17.0,5.4,5.8,3.0,5.0,13
2004,51,3,22-23,12.0,8.1,8.3,12.0,9.0,9
2004,51,4,00-05,18.0,10.3,11.2,10.0,9.0,16
2004,51,4,06-15,59.0,5.0,6.6000000000000005,0.0,8.0,58
2004,51,4,16-18,20.0,3.8,6.4,0.0,6.0,18
2004,51,4,19-21,19.0,4.8,5.1000000000000005,9.0,8.0,19
2004,51,4,22-23,8.0,4.4,4.7,8.0,5.0,8
2004,51,5,00-05,22.0,11.5,12.0,10.0,6.0,15
2004,51,5,06-15,58.0,5.7,8.9,0.0,8.0,54
2004,51,5,16-18,23.0,2.2,3.7,0.0,3.0,21
2004,51,5,19-21,17.0,6.2,7.0,4.0,9.0,17
2004,51,5,22-23,11.0,9.0,9.1,11.0,10.0,9
2004,51,5,unk,1.0,0.0,0.0,0.0,0.0,1
2004,51,6,00-05,21.0,11.1,11.8,16.0,11.0,21
2004,51,6,06-15,42.0,2.6,3.8,0.0,4.0,39
2004,51,6,16-18,20.0,3.1,5.2,0.0,6.0,19
2004,51,6,19-21,30.0,13.0,16.0,11.0,17.0,29
2004,51,6,22-23,21.0,9.2,11.0,12.0,16.0,20
2004,51,7,00-05,43.0,29.0,31.1,24.0,28.0,35
2004,51,7,06-15,60.0,9.9,12.1,0.0,11.0,50
2004,51,7,16-18,25.0,11.2,12.7,0.0,11.0,22
2004,51,7,19-21,24.0,13.6,15.7,11.0,15.0,22
2004,51,7,22-23,14.0,9.0,10.1,11.0,9.0,14
2004,51,7,unk,1.0,0.5,0.7,0.0,0.0,1
2004,53,1,00-05,52.0,36.1,38.1,37.0,40.0,42
2004,53,1,06-15,26.0,4.0,4.2,0.0,4.0,26
2004,53,1,16-18,16.0,6.6,7.1,0.0,7.0,16
2004,53,1,19-21,12.0,6.2,7.3,5.0,9.0,12
2004,53,1,22-23,4.0,0.4,0.6000000000000001,2.0,0.0,4
2004,53,2,00-05,18.0,7.0,9.2,6.0,11.0,14
2004,53,2,06-15,20.0,0.5,0.8,0.0,0.0,19
2004,53,2,16-18,14.0,3.0,3.0,0.0,3.0,12
2004,53,2,19-21,11.0,2.7,3.1,3.0,5.0,8
2004,53,2,22-23,4.0,4.0,4.0,2.0,4.0,4
2004,53,2,unk,1.0,1.0,1.0,0.0,1.0,1
2004,53,3,00-05,7.0,3.0,3.0,5.0,3.0,7
2004,53,3,06-15,25.0,2.2,2.5,0.0,2.0,25
2004,53,3,16-18,16.0,2.1,4.2,0.0,5.0,14
2004,53,3,19-21,10.0,3.1,3.2,3.0,7.0,8
2004,53,3,22-23,1.0,1.0,1.0,1.0,1.0,1
2004,53,3,unk,1.0,1.0,1.0,0.0,1.0,1
2004,53,4,00-05,7.0,4.6,6.6,4.0,6.0,6
2004,53,4,06-15,26.0,2.2,2.3000000000000003,0.0,3.0,25
2004,53,4,16-18,15.0,4.9,5.0,0.0,6.0,14
2004,53,4,19-21,13.0,7.1,8.0,2.0,9.0,10
2004,53,4,22-23,4.0,3.0,3.0,1.0,3.0,3
2004,53,5,00-05,13.0,9.0,9.2,6.0,8.0,13
2004,53,5,06-15,30.0,5.7,5.7,0.0,5.0,28
2004,53,5,16-18,16.0,5.2,7.2,0.0,7.0,13
2004,53,5,19-21,14.0,3.8,5.2,4.0,5.0,14
2004,53,5,22-23,7.0,2.1,2.1,3.0,3.0,7
2004,53,5,unk,1.0,1.0,1.0,0.0,1.0,1
2004,53,6,00-05,13.0,7.6,8.1,7.0,11.0,13
2004,53,6,06-15,23.0,2.7,2.9,0.0,3.0,22
2004,53,6,16-18,20.0,8.5,9.6,0.0,12.0,18
2004,53,6,19-21,15.0,6.4,7.6,7.0,7.0,14
2004,53,6,22-23,8.0,2.1,2.3,7.0,4.0,7
2004,53,6,unk,1.0,0.0,0.0,0.0,0.0,1
2004,53,7,00-05,29.0,22.5,24.6,20.0,24.0,25
2004,53,7,06-15,43.0,4.1,5.4,0.0,9.0,33
2004,53,7,16-18,10.0,4.2,4.5,0.0,4.0,10
2004,53,7,19-21,13.0,6.3,6.5,4.0,6.0,11
2004,53,7,22-23,8.0,5.1,5.2,6.0,5.0,7
2004,54,1,00-05,20.0,13.5,16.6,11.0,18.0,20
2004,54,1,06-15,19.0,0.7000000000000001,0.9000000000000001,0.0,1.0,16
2004,54,1,16-18,15.0,4.2,5.4,0.0,5.0,15
2004,54,1,19-21,8.0,4.5,4.5,4.0,5.0,8
2004,54,1,22-23,5.0,2.4,2.4,4.0,4.0,5
2004,54,1,unk,1.0,0.0,0.0,0.0,0.0,1
2004,54,2,00-05,4.0,2.0,3.0,2.0,3.0,4
2004,54,2,06-15,15.0,0.2,1.2000000000000002,0.0,1.0,15
2004,54,2,16-18,13.0,2.2,2.5,0.0,2.0,12
2004,54,2,19-21,9.0,0.30000000000000004,0.4,5.0,0.0,8
2004,54,2,22-23,1.0,1.0,1.0,1.0,1.0,1
2004,54,2,unk,1.0,1.0,1.0,0.0,1.0,1
2004,54,3,00-05,6.0,2.2,4.2,4.0,5.0,6
2004,54,3,06-15,28.0,3.5,6.5,0.0,6.0,24
2004,54,3,16-18,9.0,2.3,2.3,0.0,2.0,9
2004,54,3,19-21,1.0,1.0,1.0,1.0,1.0,1
2004,54,3,22-23,2.0,1.3,1.3,2.0,2.0,2
2004,54,3,unk,1.0,1.0,1.0,0.0,1.0,1
2004,54,4,00-05,1.0,1.0,1.0,1.0,1.0,1
2004,54,4,06-15,23.0,1.6,1.8,0.0,1.0,21
2004,54,4,16-18,5.0,1.8,2.0,0.0,2.0,5
2004,54,4,19-21,7.0,2.2,2.2,4.0,2.0,7
2004,54,4,22-23,2.0,0.1,1.1,2.0,2.0,2
2004,54,4,unk,3.0,0.2,0.2,0.0,0.0,3
2004,54,5,00-05,11.0,3.9,4.0,5.0,7.0,10
2004,54,5,06-15,27.0,1.1,1.2,0.0,2.0,24
2004,54,5,16-18,6.0,1.3,1.5,0.0,2.0,6
2004,54,5,19-21,9.0,3.9,4.9,5.0,6.0,9
2004,54,5,22-23,3.0,1.1,1.2,2.0,1.0,3
2004,54,5,unk,2.0,0.4,0.5,0.0,1.0,2
2004,54,6,00-05,8.0,6.0,6.2,6.0,6.0,7
2004,54,6,06-15,37.0,2.0,3.2,0.0,3.0,35
2004,54,6,16-18,17.0,4.4,4.7,0.0,5.0,13
2004,54,6,19-21,13.0,6.0,7.0,3.0,6.0,13
2004,54,6,22-23,7.0,4.0,5.1,5.0,7.0,7
2004,54,6,unk,2.0,0.0,1.0,0.0,1.0,2
2004,54,7,00-05,15.0,9.9,10.0,10.0,13.0,15
2004,54,7,06-15,25.0,5.5,5.9,0.0,6.0,22
2004,54,7,16-18,14.0,2.5,2.8,0.0,2.0,9
2004,54,7,19-21,12.0,5.2,6.4,6.0,7.0,12
2004,54,7,22-23,2.0,1.0,1.0,2.0,1.0,2
2004,54,7,unk,1.0,1.0,1.0,0.0,1.0,1
2004,55,1,00-05,42.0,34.4,35.5,29.0,37.0,37
2004,55,1,06-15,35.0,8.6,9.7,0.0,9.0,31
2004,55,1,16-18,25.0,11.8,13.1,0.0,12.0,24
2004,55,1,19-21,23.0,11.6,12.8,10.0,12.0,22
2004,55,1,22-23,17.0,9.1,9.5,14.0,10.0,17
2004,55,1,unk,5.0,3.0,4.0,0.0,4.0,5
2004,55,2,00-05,9.0,4.0,4.0,6.0,4.0,8
2004,55,2,06-15,39.0,4.5,7.6,0.0,9.0,33
2004,55,2,16-18,16.0,1.0,2.0,0.0,2.0,14
2004,55,2,19-21,9.0,5.0,5.0,1.0,6.0,8
2004,55,2,22-23,3.0,1.0,1.0,3.0,2.0,3
2004,55,2,unk,3.0,3.0,3.0,0.0,3.0,2
2004,55,3,00-05,8.0,2.1,2.2,2.0,3.0,7
2004,55,3,06-15,36.0,1.3,1.6,0.0,1.0,34
2004,55,3,16-18,13.0,0.8,0.8,0.0,1.0,11
2004,55,3,19-21,13.0,3.1,3.4,4.0,4.0,12
2004,55,3,22-23,3.0,3.0,3.0,2.0,3.0,3
2004,55,3,unk,4.0,3.0,3.0,0.0,3.0,4
2004,55,4,00-05,13.0,6.5,7.5,10.0,10.0,13
2004,55,4,06-15,49.0,2.5,6.0,0.0,8.0,45
2004,55,4,16-18,14.0,2.2,3.2,0.0,3.0,14
2004,55,4,19-21,11.0,3.0,3.0,7.0,3.0,9
2004,55,4,22-23,10.0,7.0,7.1,9.0,7.0,8
2004,55,4,unk,3.0,2.0,2.0,0.0,2.0,3
2004,55,5,00-05,16.0,13.0,14.0,10.0,14.0,14
2004,55,5,06-15,58.0,13.7,20.8,0.0,20.0,47
2004,55,5,16-18,16.0,2.6,2.7,0.0,2.0,15
2004,55,5,19-21,11.0,3.3000000000000003,3.5,5.0,4.0,11
2004,55,5,22-23,6.0,3.4,3.4,6.0,3.0,6
2004,55,5,unk,7.0,4.3,4.3,0.0,5.0,6
2004,55,6,00-05,22.0,17.0,20.0,17.0,20.0,20
2004,55,6,06-15,54.0,4.1,6.4,0.0,5.0,49
2004,55,6,16-18,21.0,9.7,11.6,0.0,12.0,18
2004,55,6,19-21,16.0,4.2,5.4,9.0,7.0,16
2004,55,6,22-23,16.0,9.3,11.3,15.0,12.0,15
2004,55,6,unk,7.0,6.4,6.5,0.0,6.0,7
2004,55,7,00-05,48.0,37.3,40.5,30.0,43.0,42
2004,55,7,06-15,46.0,8.9,10.3,0.0,8.0,44
2004,55,7,16-18,11.0,4.4,4.4,0.0,4.0,11
2004,55,7,19-21,12.0,8.0,8.1,8.0,10.0,12
2004,55,7,22-23,15.0,9.2,10.3,15.0,11.0,15
2004,55,7,unk,7.0,7.0,7.0,0.0,7.0,7
2004,56,1,00-05,6.0,5.0,6.0,3.0,6.0,6
2004,56,1,06-15,10.0,2.7,2.7,0.0,3.0,9
2004,56,1,16-18,5.0,1.0,1.0,0.0,3.0,3
2004,56,1,19-21,6.0,2.0,2.0,2.0,2.0,4
2004,56,1,22-23,3.0,0.1,0.2,3.0,0.0,3
2004,56,1,unk,1.0,0.0,1.0,0.0,1.0,1
2004,56,2,00-05,3.0,2.0,2.0,2.0,2.0,3
2004,56,2,06-15,7.0,1.5999999999999999,1.5999999999999999,0.0,1.0,7
2004,56,2,16-18,3.0,0.2,0.3,0.0,0.0,3
2004,56,2,19-21,4.0,2.0,2.0,1.0,3.0,4
2004,56,2,unk,1.0,0.0,0.0,0.0,0.0,1
2004,56,3,00-05,4.0,1.0,1.0,3.0,1.0,3
2004,56,3,06-15,12.0,1.1,1.3,0.0,3.0,9
2004,56,3,16-18,3.0,2.0,2.0,0.0,2.0,3
2004,56,3,19-21,2.0,0.5,0.7,1.0,0.0,2
2004,56,4,00-05,1.0,0.2,0.2,0.0,0.0,1
2004,56,4,06-15,5.0,0.1,0.1,0.0,1.0,5
2004,56,4,16-18,8.0,1.1,1.1,0.0,1.0,6
2004,56,4,19-21,2.0,1.0,1.0,0.0,1.0,2
2004,56,4,22-23,5.0,5.0,5.0,5.0,5.0,3
2004,56,5,00-05,4.0,3.9,4.0,4.0,4.0,4
2004,56,5,06-15,12.0,0.7000000000000001,1.4000000000000001,0.0,0.0,6
2004,56,5,16-18,6.0,0.0,0.1,0.0,0.0,5
2004,56,5,19-21,4.0,2.3,2.4,2.0,2.0,4
2004,56,5,22-23,2.0,0.0,0.0,2.0,0.0,2
2004,56,6,00-05,2.0,2.0,2.0,2.0,2.0,2
2004,56,6,06-15,9.0,0.4,0.6000000000000001,0.0,0.0,9
2004,56,6,16-18,2.0,0.1,1.1,0.0,1.0,2
2004,56,6,19-21,2.0,1.0,1.0,2.0,1.0,2
2004,56,6,22-23,3.0,1.0,1.4,1.0,1.0,2
2004,56,7,00-05,4.0,3.0,4.0,4.0,4.0,4
2004,56,7,06-15,12.0,3.3,3.3,0.0,3.0,11
2004,56,7,16-18,3.0,1.2,1.2,0.0,1.0,3
2004,56,7,19-21,4.0,0.0,0.0,2.0,1.0,4
2004,56,7,22-23,2.0,1.0,1.0,2.0,2.0,2
2004,56,7,unk,1.0,1.0,1.0,0.0,1.0,1
2004,56,9,unk,1.0,1.0,1.0,0.0,1.0,1
