design,spec,outcome,label,att,ci_lo,ci_hi,p,mde80
modern_repeals,+ unemployment,ai_share,Impaired share (pp),-1.401,-5.033,3.001,0.713,5.811
modern_repeals,+ unemployment,log_odds,"Log odds, impaired vs sober (x100)",-7.358,-24.574,14.711,0.673,28.328
modern_repeals,+ unemployment,ddd_net,Net evening test (x100),14.94,-7.292,34.08,0.207,28.782
modern_repeals,"+ unemployment, vehicle-miles, rural share",ai_share,Impaired share (pp),-1.319,-5.085,3.246,0.74,5.931
modern_repeals,"+ unemployment, vehicle-miles, rural share",log_odds,"Log odds, impaired vs sober (x100)",-6.91,-24.066,15.341,0.731,28.476
modern_repeals,per capita,ai_per_cap,Impaired deaths per 100k residents (log x100),-1.111,-17.34,15.892,0.997,24.12
modern_repeals,per capita,sober_per_cap,Sober deaths per 100k: placebo (log x100),6.199,-4.231,15.679,0.398,14.373
modern_repeals,per capita,fat_per_cap,All deaths per 100k residents (log x100),4.348,-5.17,12.691,0.487,12.366
modern_repeals,per capita + unemployment,ai_per_cap,Impaired deaths per 100k residents (log x100),-0.875,-16.769,16.09,0.973,23.753
adoption_1980s,+ unemployment,ai_share,Impaired share (pp),0.666,-2.334,3.651,0.669,4.304
adoption_1980s,+ unemployment,log_odds,"Log odds, impaired vs sober (x100)",2.945,-9.575,15.659,0.66,18.379
adoption_1980s,per capita,ai_per_cap,Impaired deaths per 100k residents (log x100),5.953,-9.049,16.938,0.599,18.562
adoption_1980s,per capita,sober_per_cap,Sober deaths per 100k: placebo (log x100),2.407,-7.714,8.98,0.987,12.195
adoption_1980s,per capita,fat_per_cap,All deaths per 100k residents (log x100),3.784,-6.529,10.224,0.765,12.257
adoption_1980s,per capita + unemployment,ai_per_cap,Impaired deaths per 100k residents (log x100),3.212,-10.021,13.139,0.799,16.525
adoption_1980s,"1983-95, all traffic-safety controls + unemployment",ai_share,Impaired share (pp),0.89,-2.092,4.027,0.566,4.375
adoption_1980s,"1983-95, all traffic-safety controls + unemployment",ai_per_cap,Impaired deaths per 100k residents (log x100),4.269,-9.208,16.236,0.612,18.06
modern_repeals,population-weighted,ai_share,Impaired share (pp),-0.605,-4.775,5.595,0.852,7.314
modern_repeals,population-weighted,ai_per_cap,Impaired deaths per 100k residents (log x100),3.245,-12.588,24.957,0.581,25.719
adoption_1980s,population-weighted,ai_share,Impaired share (pp),0.103,-2.795,3.624,0.885,4.573
adoption_1980s,population-weighted,ai_per_cap,Impaired deaths per 100k residents (log x100),5.519,-12.591,16.513,0.792,22.606
