year,fat,ai08,ai_share
1982,43945.0,21166.1,0.482
1983,42589.0,20121.8,0.472
1984,44257.0,19701.7,0.445
1985,43825.0,18174.3,0.415
1986,46087.0,19618.9,0.426
1987,46390.0,18871.3,0.407
1988,47087.0,18665.4,0.396
1989,45582.0,17558.7,0.385
1990,44599.0,17771.3,0.398
1991,41508.0,15894.8,0.383
1992,39250.0,14090.5,0.359
1993,40150.0,13770.9,0.343
1994,40716.0,13440.0,0.33
1995,41817.0,13534.8,0.324
1996,42065.0,13489.3,0.321
1997,42013.0,12793.7,0.305
1998,41501.0,12590.8,0.303
1999,41717.0,12594.3,0.302
2000,41945.0,13363.7,0.319
2001,42196.0,13342.3,0.316
2002,43005.0,13517.6,0.314
2003,42884.0,13130.3,0.306
2004,42836.0,13129.7,0.307
2005,43510.0,13613.5,0.313
2006,42708.0,13531.2,0.317
2007,41259.0,13076.4,0.317
2008,37423.0,11736.5,0.314
2009,33883.0,10787.6,0.318
2010,32999.0,10161.7,0.308
2011,32479.0,9891.3,0.305
2012,33782.0,10360.4,0.307
2013,32893.0,10109.2,0.307
2014,32744.0,9965.5,0.304
2015,35092.0,10292.9,0.293
2016,37806.0,10985.2,0.291
2017,37473.0,10908.8,0.291
2018,36835.0,10725.7,0.291
2019,36355.0,10211.6,0.281
2020,39007.0,11738.7,0.301
2021,43230.0,13611.3,0.315
2022,42721.0,13468.1,0.315
2023,41025.0,12395.4,0.302
2024,39254.0,11918.8,0.304
