design,outcome,state,att,p,pool
modern_repeals,ai_share,KS,-3.824,0.348,22
modern_repeals,ai_share,IL,0.027,0.889,17
modern_repeals,ai_share,OK,-0.371,1.0,25
modern_repeals,log_odds,KS,-19.973,0.348,22
modern_repeals,log_odds,IL,0.587,0.889,17
modern_repeals,log_odds,OK,-2.545,1.0,25
modern_repeals,svn_share,KS,-0.975,0.696,22
modern_repeals,svn_share,IL,-1.393,0.333,17
modern_repeals,svn_share,OK,-0.288,0.538,25
modern_repeals,ddd_ai,KS,19.141,0.174,22
modern_repeals,ddd_ai,IL,11.892,0.444,17
modern_repeals,ddd_ai,OK,-2.873,0.846,25
modern_repeals,ddd_sober,KS,-14.235,0.348,22
modern_repeals,ddd_sober,IL,2.727,0.778,17
modern_repeals,ddd_sober,OK,-5.039,0.769,25
modern_repeals,ddd_net,KS,33.367,0.261,22
modern_repeals,ddd_net,IL,9.157,0.778,17
modern_repeals,ddd_net,OK,2.159,1.0,25
adoption_1980s,ai_share,MA,-2.27,0.778,17
adoption_1980s,ai_share,KS,4.479,0.4,19
adoption_1980s,ai_share,IN,2.353,0.625,15
adoption_1980s,ai_share,NC,-2.43,0.727,10
adoption_1980s,ai_share,VT,1.978,1.0,8
adoption_1980s,ai_share,IL,0.575,1.0,8
adoption_1980s,log_odds,MA,-8.573,0.889,17
adoption_1980s,log_odds,KS,18.849,0.4,19
adoption_1980s,log_odds,IN,9.975,0.625,15
adoption_1980s,log_odds,NC,-10.077,0.727,10
adoption_1980s,log_odds,VT,7.663,0.889,8
adoption_1980s,log_odds,IL,3.44,0.889,8
adoption_1980s,svn_share,MA,-3.34,0.333,17
adoption_1980s,svn_share,KS,2.407,0.2,19
adoption_1980s,svn_share,IN,-1.845,0.5,15
adoption_1980s,svn_share,NC,-1.967,0.182,10
adoption_1980s,svn_share,VT,-1.51,0.667,8
adoption_1980s,svn_share,IL,-0.114,1.0,8
adoption_1980s,ddd_ai,MA,-6.292,0.667,17
adoption_1980s,ddd_ai,KS,13.822,0.6,19
adoption_1980s,ddd_ai,IN,7.164,0.875,15
adoption_1980s,ddd_ai,NC,6.322,1.0,10
adoption_1980s,ddd_ai,VT,-10.318,1.0,8
adoption_1980s,ddd_ai,IL,-9.33,0.889,8
adoption_1980s,ddd_sober,MA,-2.06,0.889,17
adoption_1980s,ddd_sober,KS,6.76,0.7,19
adoption_1980s,ddd_sober,IN,24.65,0.125,15
adoption_1980s,ddd_sober,NC,7.228,0.545,10
adoption_1980s,ddd_sober,VT,74.059,0.222,8
adoption_1980s,ddd_sober,IL,8.461,0.889,8
adoption_1980s,ddd_net,MA,-4.232,0.667,17
adoption_1980s,ddd_net,KS,7.061,0.8,19
adoption_1980s,ddd_net,IN,-17.485,0.375,15
adoption_1980s,ddd_net,NC,-0.906,0.545,10
adoption_1980s,ddd_net,VT,-84.378,0.222,8
adoption_1980s,ddd_net,IL,-17.791,0.667,8
