,KS_ai_share,IL_ai_share,OK_ai_share,KS_log_odds,IL_log_odds,OK_log_odds
1994,0.395,-0.249,0.123,3.19,-0.895,0.532
1995,3.709,-0.683,0.954,16.885,-3.017,5.256
1996,-0.668,0.963,-0.948,-2.647,4.243,-4.106
1997,-3.47,-0.951,2.518,-17.15,-4.253,12.537
1998,-2.476,0.966,0.438,-11.681,4.419,2.453
1999,0.23,0.224,-1.72,0.942,0.89,-8.659
2000,-2.346,-0.003,-3.447,-10.895,-0.175,-17.841
2001,1.231,-0.097,2.358,6.881,-0.266,10.227
2002,5.012,0.424,-2.216,22.339,1.645,-10.708
2003,5.18,0.161,2.541,25.055,0.623,12.345
2004,-3.005,1.032,-0.288,-15.204,4.491,-0.541
2005,-4.73,-0.487,-0.452,-22.443,-2.264,-2.659
2006,-3.087,0.283,-4.139,-14.371,1.162,-20.654
2007,-4.987,-0.21,-0.541,-23.554,-0.99,-3.242
2008,5.08,0.106,1.995,24.204,0.545,9.364
2009,0.392,0.073,1.9,2.417,0.457,10.521
2010,1.272,-0.482,1.961,7.684,-1.934,9.916
2011,-0.705,-0.459,2.28,-2.975,-2.036,11.122
2012,,0.487,0.68,,2.181,2.028
2013,-3.917,-0.417,-2.414,-17.182,-1.852,-12.669
2014,-3.634,0.45,-4.683,-17.277,2.073,-23.302
2015,-2.793,,-1.133,-14.77,,-6.054
2016,-4.265,2.938,-0.266,-22.322,15.274,-0.602
2017,-3.839,4.483,-1.912,-20.225,21.382,-10.224
2018,-5.317,3.062,,-28.95,14.504,
2019,-4.383,1.536,-2.483,-23.194,7.192,-11.773
2020,-7.066,4.204,-1.434,-36.356,21.669,-5.742
2021,-4.347,3.734,-4.978,-20.435,18.56,-22.641
2022,1.829,2.912,-3.636,11.182,15.024,-14.769
2023,-3.651,2.28,-1.526,-15.057,11.816,-5.475
2024,1.497,-0.098,6.529,6.994,0.934,33.421
