design,spec,outcome,label,att,ci_lo,ci_hi,mde80,p,state_KS,state_IL,state_OK,state_MA,state_IN,state_NC,state_VT
modern_repeals,main,ai_per_vmt,Impaired deaths per mile (log x100),1.457,-16.932,21.289,27.64,0.744,-11.526,8.798,7.097,,,,
modern_repeals,main,sober_per_vmt,Sober deaths per mile: placebo (log x100),8.767,-0.987,17.486,13.188,0.092,8.447,8.211,9.642,,,,
modern_repeals,main,fat_per_vmt,All deaths per mile (log x100),6.916,-4.113,15.402,13.59,0.181,3.265,8.163,9.319,,,,
modern_repeals,excl. 2020-21,ai_per_vmt,Impaired deaths per mile (log x100),0.466,-17.082,19.608,26.318,0.775,-11.526,3.567,9.357,,,,
modern_repeals,excl. 2020-21,sober_per_vmt,Sober deaths per mile: placebo (log x100),6.605,-4.423,15.823,14.284,0.247,8.447,2.953,8.415,,,,
modern_repeals,"+ log VMT, rural share",ai_share,Impaired share (pp),-1.299,-4.96,3.232,6.058,0.789,-3.779,0.103,-0.222,,,,
modern_repeals,"+ log VMT, rural share",log_odds,"Log odds, impaired vs. sober (x100)",-6.828,-23.805,15.004,28.314,0.743,-19.868,1.183,-1.799,,,,
modern_repeals,"+ log VMT, rural share",ai_per_vmt,Impaired deaths per mile (log x100),-0.054,-17.139,21.269,27.841,0.837,-11.045,5.808,5.075,,,,
adoption_1980s,"1982-95, drinking age",ai_per_vmt,Impaired deaths per mile (log x100),3.589,-9.362,14.43,17.396,0.717,8.486,3.921,,2.395,8.72,-2.51,0.519
adoption_1980s,"1982-95, drinking age",sober_per_vmt,Sober deaths per mile: placebo (log x100),0.042,-8.224,7.098,11.011,0.787,-10.363,0.481,,10.968,-1.255,7.567,-7.143
adoption_1980s,"1982-95, drinking age",fat_per_vmt,All deaths per mile (log x100),1.42,-7.091,7.65,10.739,0.958,-2.42,1.195,,6.081,3.128,3.802,-3.267
adoption_1980s,"1983-95, traffic-safety controls",ai_per_vmt,Impaired deaths per mile (log x100),1.596,-10.206,17.798,19.863,0.828,9.925,1.282,,-5.642,-0.111,4.484,-0.362
adoption_1980s,"1983-95, traffic-safety controls",sober_per_vmt,Sober deaths per mile: placebo (log x100),-1.861,-9.549,7.1,11.957,0.74,-5.902,0.098,,2.755,-3.407,2.615,-7.323
adoption_1980s,"1983-95, traffic-safety controls",fat_per_vmt,All deaths per mile (log x100),-0.69,-7.903,9.035,12.233,0.905,0.829,-0.079,,-3.343,-1.313,3.658,-3.895
adoption_1980s,"1983-95, traffic-safety controls",ai_share,Impaired share (pp),0.753,-2.215,3.904,4.387,0.62,3.798,0.049,,-2.518,0.884,0.471,1.835
adoption_1980s,"1983-95, traffic-safety controls",log_odds,"Log odds, impaired vs. sober (x100)",3.457,-9.26,16.703,18.776,0.599,15.827,1.183,,-8.397,3.296,1.869,6.961
